191737	készül
62334	épül
58043	el+készül
42116	meg+valósul
40724	bizonyul
34823	részesül
29448	erősödik
28383	fel+készül
26653	bővül
24657	érvényesül
17592	gyengül
17018	meg+szabadul
16564	fel+épül
15918	el+pusztul
14481	teljesül
12009	módosul
12009	egyesül
11761	meg+sebesül
11697	drágul
11190	szabadul
11045	meg+erősödik
10878	be+bizonyosodik
10455	meg+újul
7910	igazodik
7879	ki+egészül
6983	ki+szabadul
6938	be+épül
6885	meg+épül
6727	fel+gyorsul
6363	meg+semmisül
6222	gazdagodik
5779	boldogul
5761	azonosul
5653	létesül
5440	készülődik
5121	ki+épül
5076	meg+betegedik
5010	gyorsul
4828	meg+élénkül
4726	enyhül
4723	párosul
4530	össze+házasodik
4248	fel+erősödik
4182	mentesül
4181	fel+szabadul
4120	kerekedik
4109	el+szabadul
3844	nehezedik
3841	szűkül
3772	meg+nősül
3499	lelkesedik
3449	el+igazodik
3270	részesedik
3150	felül+kerekedik
3123	pusztul
2792	meg+bizonyosodik
2778	meg+bénul
2751	el+bizonytalanodik
2710	ki+teljesedik
2669	meg+elevenedik
2533	állandósul
2416	ki+pusztul
2406	károsodik
2306	le+tisztul
2260	házasodik
2130	el+adósodik
2074	frissül
2013	ki+bővül
1963	nősül
1961	tágul
1958	meg+gazdagodik
1952	meg+bolondul
1930	tudatosul
1910	meg+hibásodik
1868	le+gyengül
1863	meg+öregedik
1852	tömörül
1823	meg+házasodik
1823	el+különül
1814	el+törpül
1795	meg+szilárdul
1751	melegedik
1745	el+öregedik
1724	egyszerűsödik
1687	mélyül
1679	ki+újul
1610	be+teljesedik
1594	elegyedik
1529	hasznosul
1525	el+némul
1514	meg+világosodik
1514	be+szűkül
1507	simul
1491	tisztul
1459	magasodik
1445	rövidül
1425	meg+merevedik
1406	el+boldogul
1401	ki+tágul
1391	meg+testesül
1377	el+mérgesedik
1353	csorbul
1326	el+sötétül
1307	búsul
1297	görbül
1281	meg+vakul
1271	meg+hosszabbodik
1265	le+szűkül
1254	rosszabbodik
1253	el+csendesedik
1250	sötétedik
1241	el+mélyül
1240	szakosodik
1232	meg+tisztul
1229	csoportosul
1228	szélesedik
1205	meg+enyhül
1201	be+teljesül
1156	fel+kerekedik
1149	ki+szélesedik
1141	üdül
1129	öregedik
1128	fel+frissül
1124	el+szegényedik
1122	le+épül
1116	élénkül
1112	be+népesül
1097	torzul
1092	sűrűsödik
1088	meg+puhul
1062	bele+pusztul
1054	fel+melegedik
1040	lazul
1033	el+hatalmasodik
1026	ki+kerekedik
1019	el+torzul
1013	ki+tisztul
1004	meg+honosodik
1000	ki+kristályosodik
962	fel+egyenesedik
941	meg+szépül
935	el+halványul
929	sokasodik
920	be+sötétedik
915	ki+csúcsosodik
910	üdvözül
884	le+bénul
882	meg+gyengül
859	el+durvul
848	újjá+épül
837	szelídül
831	tornyosul
806	ki+egyenesedik
804	meg+keményedik
789	meg+őszül
762	ritkul
759	le+rövidül
759	ki+józanodik
759	el+lazul
736	ki+öregedik
734	bele+simul
722	meg+lazul
714	el+vörösödik
712	közösül
711	meg+ritkul
708	el+gyengül
702	el+néptelenedik
693	ki+készül
687	el+vadul
685	ki+igazodik
676	fel+élénkül
671	szépül
659	terebélyesedik
650	el+híresül
639	meg+özvegyül
635	meg+drágul
634	el+hidegül
627	el+vékonyodik
614	porosodik
596	élesedik
585	fel+bőszül
581	ki+simul
573	meg+vadul
567	fakul
562	meg+rövidül
559	össze+szűkül
557	ki+világosodik
551	be+lázasodik
544	tudatosodik
543	függetlenedik
542	el+értéktelenedik
527	lanyhul
523	párosodik
523	fel+hígul
518	mordul
516	őszül
516	finomodik
512	el+halkul
511	le+egyszerűsödik
506	el+komorodik
504	fel+lazul
498	el+homályosul
492	sárgul
491	fel+forrósodik
489	ki+üresedik
479	rá+épül
477	el+vakul
469	svédül
466	puhul
464	fel+bátorodik
462	el+idegenedik
451	meg+szelídül
451	el+álmosodik
449	világosodik
449	szürkül
444	meg+üresedik
443	el+kényelmesedik
438	el+laposodik
436	meg+hülyül
433	rá+készül
425	el+sötétedik
425	el+simul
424	be+sűrűsödik
421	önállósodik
419	fel+puhul
418	intézményesül
418	bele+épül
417	okosodik
411	merevedik
411	barnul
407	meg+görbül
401	fiatalodik
400	el+árvul
399	hülyül
396	rozsdásodik
391	valósul
391	halványul
380	el+komolyodik
374	meg+sokasodik
373	durvul
369	kristályosodik
368	el+csábul
367	ki+fakul
363	ki+fehéredik
361	bele+betegedik
359	meg+feketedik
359	el+csendesül
356	össze+sűrűsödik
352	le+részegedik
351	készülget
350	meg+fakul
346	el+szürkül
344	izmosodik
335	el+komorul
332	meg+süketül
331	meg+nehezül
329	vissza+erősödik
328	meg+barnul
327	szegényedik
326	vékonyodik
323	meg+vastagodik
322	színesedik
320	be+melegedik
317	bele+melegedik
315	ki+csorbul
315	keményedik
315	el+halványodik
313	túl+melegedik
312	rá+nehezedik
312	le+csendesedik
312	el+lágyul
311	meg+melegedik
311	el+kedvetlenedik
310	tompul
309	hosszabbodik
309	egybe+épül
307	kopaszodik
305	meg+komolyodik
305	bele+fásul
303	meg+készül
301	meg+némul
298	ki+zöldül
296	bele+bolondul
294	bolondul
291	tovább+erősödik
290	fel+elevenedik
285	meg+vénül
283	fel+mordul
280	el+lustul
280	csehül
279	át+nedvesedik
278	elő+készül
276	meg+gyorsul
274	össze+melegszik
273	el+csöndesedik
273	át+melegedik
267	meg+csontosodik
263	csendesedik
261	meg+lágyul
259	el+nehezül
257	meg+gyökeresedik
256	korszerűsödik
253	el+tompul
251	el+bambul
250	szilárdul
248	meg+fiatalodik
247	zöldül
244	rá+mordul
242	fel+dúsul
239	vastagodik
239	le+barnul
238	bambul
236	halványodik
235	le+betegedik
233	teljesedik
233	el+puhul
232	le+soványodik
232	fel+újul
231	fehéredik
226	tökéletesedik
226	le+pusztul
224	össze+épül
223	ki+lazul
220	el+magyarosodik
217	közül
217	el+fehéredik
214	újra+nősül
213	újul
213	át+forrósodik
212	meg+nehezedik
211	le+konyul
211	halkul
210	meg+bokrosodik
207	el+kerekedik
204	silányul
201	be+párásodik
200	hozzá+simul
199	el+ferdül
199	be+sárgul
198	el+kábul
197	el+szemtelenedik
196	meg+igazul
195	fel+lelkesül
195	el+hülyül
194	ki+fényesedik
193	ki+vörösödik
193	idősödik
192	vörösödik
192	hígul
192	el+nehezedik
190	be+szabadul
188	forrósodik
188	el+fásul
186	meg+sűrűsödik
184	át+épül
182	meg+kövesedik
182	ki+élesedik
179	nehezül
179	csúful
179	be+gyorsul
178	tovább+épül
178	meg+világosul
176	meg+pusztul
174	vakul
172	meg+kergül
172	le+alacsonyodik
171	bele+szerelmesedik
169	egységesül
166	újra+egyesül
165	fényesedik
165	be+népesedik
163	vadul
163	el+butul
162	ráncosodik
162	meg+termékenyül
160	be+házasodik
159	soványodik
159	rá+szabadul
155	meg+sárgul
155	fel+púposodik
154	feketedik
153	kedvesedik
152	nemesedik
152	meg+részegül
152	ki+sebesedik
152	kékül
151	be+rozsdásodik
150	el+kékül
149	vénül
149	nemesül
148	hűvösödik
147	meg+izmosodik
147	fel+magasodik
146	újra+házasodik
146	fel+üdül
145	lelkesül
145	komolyodik
144	keskenyedik
144	el+feketedik
144	bénul
142	pirosodik
142	lágyul
141	el+korcsosul
140	be+vadul
139	le+gyorsul
137	el+csökevényesedik
135	meg+részegedik
135	dánul
134	meg+kukul
133	el+görbül
133	be+nősül
132	sötétül
132	ízesül
131	szarul
130	finomul
130	észtül
130	büdösödik
129	tovább+gyengül
128	sebesül
128	bele+szürkül
128	be+lelkesedik
127	el+bátortalanodik
127	csúcsosodik
126	ki+pirosodik
125	össze+kutyul
125	ismerősödik
125	el+keskenyedik
124	túl+teljesül
123	ki+melegedik
123	el+sárgul
123	el+csöndesül
122	neki+bátorodik
122	józanodik
122	el+satnyul
121	törpül
121	kamaszodik
120	el+meszesedik
120	el+homályosodik
116	polgárosodik
116	károsul
115	meg+tollasodik
114	le+halkul
114	ki+teljesül
113	meg+csendesedik
113	el+magányosodik
113	el+jegesedik
113	bele+őszül
112	össze+simul
111	el+jelentéktelenedik
110	merevül
110	meg+kopaszodik
110	fásul
109	bele+vakul
108	vissza+gyengül
107	rá+simul
107	le+sántul
107	érdemesül
106	karcsúsodik
106	csomósodik
105	meg+okosodik
105	meg+mámorosodik
105	magasztosul
105	fel+tisztul
104	le+csendesül
104	csendesül
103	vendül
103	tárgyiasul
103	ferdül
103	fel+lelkesedik
102	vizesedik
102	le+merevedik
102	el+gyávul
101	butul
100	újra+épül
100	be+durvul
98	rosszabbul
98	púposodik
98	oda+simul
98	nedvesedik
97	tömörödik
96	súlyosodik
96	gyérül
96	ellen+készül
95	meg+kékül
94	le+görbül
94	el+nőiesedik
94	el+mocsarasodik
93	tovább+bővül
93	mérgesedik
93	el+tunyul
92	vissza+épül
91	hatályosul
90	korosodik
90	haza+készül
89	véglegesedik
89	bele+merevedik
88	előre+készül
88	bele+hülyül
87	túl+népesedik
87	el+rozsdásodik
87	alacsonyodik
86	zsírosodik
86	el+gazosodik
85	meg+csúnyul
85	meg+boldogul
85	ki+terebélyesedik
85	ki+magasodik
84	párásodik
84	laposodik
84	el+sivatagosodik
84	bokrosodik
83	tornyosodik
83	ki+finomul
83	hozzá+igazodik
83	fel+hólyagosodik
83	el+iszaposodik
82	meg+sötétedik
82	aljasul
81	össze+csomósodik
81	meg+rozsdásodik
81	ki+hegyesedik
81	el+fakul
80	meg+szürkül
80	konyul
80	el+merevedik
79	rútul
79	csonkul
78	neki+készül
78	ki+színesedik
78	ki+érdemesül
78	el+búsul
77	meg+zöldül
77	el+románosodik
76	olcsóbbodik
75	hozzá+készül
75	el+lehetetlenedik
74	össze+tömörül
74	el+erőtlenedik
74	be+pirosodik
73	be+barnul
72	fel+magasztosul
72	épül-szépül
72	el+üszkösödik
72	be+zöldül
72	baszkul
71	lombosodik
71	fel+világosul
71	el+rákosodik
70	göndörödik
70	be+merevedik
69	szervesül
69	grúzul
67	vissza+fiatalodik
67	össze+melegedik
67	el+szlovákosodik
67	elevenedik
66	tollasodik
66	feketül
66	be+gyepesedik
65	meg+büdösödik
65	kutyul
65	bele+vörösödik
65	be+gorombul
64	tovább+mélyül
64	ki+merevedik
64	jogosul
64	be+simul
63	betegedik
62	ki+okosodik
62	dúsul
62	be+felhősödik
61	vissza+részesül
61	üszkösödik
61	ügyesedik
60	meg+sántul
60	kövesedik
60	el+szenesedik
60	be+lelkesül
59	meg+avasodik
59	marhul
59	fel+tornyosul
59	el+csontosodik
58	tovább+készül
58	silányodik
58	neki+vadul
57	véglegesül
57	satnyul
57	meg+emberesedik
57	meg+csonkul
57	fel+hősödik
57	bizonyosodik
57	be+tokosodik
56	be+vörösödik
55	le+lazul
55	ki+vadul
55	ki+jegecesedik
55	el+üzletiesedik
55	avasodik
55	át+csoportosul
54	ki+mélyül
54	be+szürkül
54	be+keményedik
53	zordul
53	némul
53	bele+kábul
52	szászul
52	meg+siketül
52	meg+honosul
52	el+sekélyesedik
52	bátorodik
51	tovább+drágul
51	testesül
51	szélesül
51	fölé+magasodik
51	el+melegedik
51	el+feketül
51	csöndesedik
51	be+bizonyul
50	szerelmesedik
50	meg+fényesedik
50	el+szótlanodik
50	csábul
50	bőszül
50	bele+kékül
49	meg+érvényesül
49	lilul
49	jegesedik
49	fel+keményedik
49	egységesedik
49	be+kékül
48	meg+vékonyodik
48	meg+bátorodik
48	korpásodik
47	vissza+készül
47	le+készül
47	kábul
47	el+lanyhul
47	bele+öregedik
47	be+görbül
46	szemcsésedik
46	meg+szűkül
46	le+gatyásodik
46	ki+lombosodik
46	hatalmasodik
46	el+idegenül
46	át+tüzesedik
45	kurdul
45	homályosodik
45	fel+világosodik
45	értéktelenedik
45	el+németesedik
45	el+folyósodik
45	be+lilul
44	meszesedik
44	ki+ritkul
44	kerekül
44	hozzá+épül
44	el+savasodik
44	be+nedvesedik
43	részegül
43	ott+készül
43	meg+kérgesedik
43	magyarosodik
43	el+színtelenedik
42	tüzesedik
42	tótul
42	népesedik
42	meg+nedvesedik
42	le+csöndesedik
42	korcsosul
42	komorul
42	hangosodik
42	csinosodik
42	be+porosodik
42	bele+mélyül
41	polgárosul
41	meg+ráncosodik
41	lezserül
41	le+ittasodik
41	le+csupaszodik
41	ki+öblösödik
41	ki+cserepesedik
41	gazdisodik
41	el+világiasodik
41	el+gennyesedik
41	egyenesedik
40	üresedik
40	le+szegényedik
40	le+meztelenedik
40	foltosodik
40	el+zsírosodik
40	el+özvegyül
40	el+korcsosodik
40	el+fásodik
40	édesedik
40	be+tömörül
40	angolszászul
39	ott+pusztul
39	neki+készülődik
39	meg+fehéredik
39	gyökeresedik
39	el+vékonyul
38	tovább+gyorsul
38	meg+hiusul
38	meg+csomósodik
38	meg+butul
38	lustul
38	kövéredik
38	ki+púposodik
38	fel+hangosodik
38	el+szűkül
38	elő+ferdül
38	csökevényesedik
38	bele+erősödik
37	vékonyul
37	részegedik
37	népszerűsödik
37	meg+színesedik
37	meg+ittasul
37	langyosodik
37	fel+kopaszodik
37	el+hájasodik
36	termékenyül
36	szőrösödik
36	öblösödik
36	meg+zápul
36	meg+bizonyul
36	komorodik
36	idegenül
36	fel+fényesedik
36	egészül
35	szórványosodik
35	ott+épül
35	népesül
35	meg+vörösödik
35	meg+üvegesedik
35	ki+szélesül
35	el+anyátlanodik
35	el+állatiasodik
35	csontosodik
35	be+feketedik
34	pontosodik
34	le+aljasodik
34	ki+fekélyesedik
34	el+gépiesedik
34	deresedik
34	árvul
33	meg+tágul
33	ki+finomodik
33	hegyesedik
33	el+személytelenedik
33	be+vizesedik
32	semmisül
32	össze+tömörödik
32	meg+gyérül
32	meg+elevenül
32	el+silányul
32	be+sötétül
32	bele+elegyedik
32	be+készül
31	vagyonosodik
31	szentül
31	ki+részesül
30	városiasodik
30	össze+csontosodik
30	meg+vidámodik
30	meg+kocsonyásodik
30	gombásodik
30	el+szlávosodik
30	el+felhősödik
30	el+épül
30	el+aljasul
30	álmosodik
29	szuvasodik
29	meg+nemesedik
29	meg+mérgesedik
29	meg+frissül
29	meg+forrósodik
29	le+kopaszodik
29	csúnyul
29	bulvárosodik
29	be+bizonyosul
29	adósodik
28	veresedik
28	szenesedik
28	melegül
28	meg+másul
28	meg+ecetesedik
28	gettósodik
28	el+készülődik
28	csöndesül
28	be+zápul
28	bele+feketedik
28	át+kristályosodik
27	vissza+gyorsul
27	újra+népesül
27	tovább+élénkül
27	rá+sötétedik
27	ott+érvényesül
27	meg+pirosodik
27	ki+rojtosodik
27	ki+kristályosul
27	kergül
27	el+zöldül
27	el+szarusodik
27	el+barnul
26	meg+személyesül
26	meg+részesül
26	meg+magyarosodik
26	központosul
26	ki+szőrösödik
26	igazul
26	homályosul
26	el+tisztul
26	bele+kényelmesedik
26	be+hülyül
26	aszúsodik
25	vissza+vadul
25	világosul
25	tovább+szűkül
25	tovább+pusztul
25	szét+lazul
25	sebesedik
25	rá+nehezül
25	oda+pusztul
25	meg+zavarosodik
25	meg+öregszik
25	meg+búsul
25	le+tompul
25	le+kerekedik
25	klikkesedik
25	jobbul
25	ide+épül
25	habosodik
25	fölé+kerekedik
25	fel+mérgesedik
25	el+pimaszodik
25	el+fátyolosodik
25	csupaszodik
25	bele+zöldül
25	bele+fehéredik
25	be+csontosodik
25	aljasodik
24	szálkásodik
24	skótul
24	piacosodik
24	össze+készül
24	meg+teljesül
24	meg+merevül
24	meg+feketül
24	meg+fásul
24	meg+dohosodik
24	ki+tüzesedik
24	ki+szürkül
24	ki+lágyul
24	el+tetvesedik
23	üvegesedik
23	sekélyesedik
23	sajátodik
23	pártosodik
23	meg+soványodik
23	meg+mordul
23	meg+makacsodik
23	meg+csöndesedik
23	meg+betegszik
23	meg+azonosul
23	kockásodik
23	klasszul
23	hidegedik
23	falsul
23	el+terebélyesedik
23	el+embertelenedik
23	el+csúnyul
22	rojtosodik
22	meg+tompul
22	meg+szélesedik
22	meg+lelkesedik
22	meg+igazodik
22	másul
22	ki+vénül
22	hólyagosodik
22	frízül
22	ésszerűsödik
22	értékesül
22	el+szikesedik
22	elegyül
22	el+bokrosodik
22	el+angolosodik
22	bele+bambul
21	tunyul
21	szlávul
21	penészesedik
21	oda+épül
21	nőiesedik
21	neki+szabadul
21	meg+testesedik
21	meg+kövesül
21	meg+ittasodik
21	meg+élesedik
21	meg+édesedik
21	meg+csorbul
21	lettül
21	jegecesedik
21	iparosodik
21	haza+készülődik
21	fel+idegesedik
21	el+veresedik
21	elé+tornyosul
21	el+aljasodik
21	be+erdősül
21	át+vizesedik
20	szőkül
20	neki+búsul
20	meg+készülődik
20	kásásodik
20	intézményesedik
20	hegesedik
20	el+üdül
20	el+ködösül
20	egyértelműsödik
20	cseppfolyósodik
20	be+náthásodik
20	által+gazdagodik
19	vissza+simul
19	vissza+görbül
19	varasodik
19	újra+hasznosul
19	testesedik
19	romosodik
19	rá+bizonyosodik
19	ott+porosodik
19	meg+porosodik
19	meg+kótyagosodik
19	meg+hidegedik
19	magasul
19	le+aljasul
19	kocsonyásodik
19	ki+sárgul
19	kasztosodik
19	hidegül
19	hártyásodik
19	el+tótosodik
19	el+sokasodik
19	el+pofátlanodik
19	el+kutyul
19	el+híresedik
19	el+gyomosodik
19	el+cigányosodik
19	bele+süketül
19	be+homályosodik
19	algásodik
18	túl+finomul
18	túl+bizonyul
18	rá+bizonyul
18	pocakosodik
18	pirosul
18	oda+készül
18	meg+pimpósodik
18	meg+nyirkosodik
18	meg+macskásodik
18	meg+károsodik
18	meg+ikrásodik
18	kristályosul
18	köznevesül
18	ki+üdvözül
18	ki+szőkül
18	ittasul
18	iszaposodik
18	ikrásodik
18	el+tömegesedik
18	el+súlyosodik
18	el+formátlanodik
18	el+erősödik
18	éhen+pusztul
18	bölcsül
18	bizonytalanodik
18	be+tagosodik
18	bele+sántul
18	bele+némul
18	be+büdösödik
17	zöngésül
17	zápul
17	vidámodik
17	túl+erősödik
17	szomszédodik
17	rá+kövesedik
17	nyugatosodik
17	meg+tetvesedik
17	meg+szenesedik
17	meg+kerekedik
17	meg+hidegül
17	meg+gyávul
17	meg+bővül
17	karsztosodik
17	ide+készül
17	forradalmasodik
17	fölé+tornyosul
17	fel+vidámodik
17	el+oroszosodik
17	el+mordul
17	el+hidegedik
17	el+betegesedik
17	bele+görbül
17	át+csábul
17	alul+teljesül
17	általánosodik
16	vissza+mordul
16	vissza+egyenesedik
16	tovább+gazdagodik
16	szagosodik
16	süketül
16	savasodik
16	pontosul
16	össze+készülődik
16	oda+mordul
16	nyirkosodik
16	neki+tüzesedik
16	meg+otthonosodik
16	meg+férfiasodik
16	le+frissül
16	le+butul
16	kérgesedik
16	kedvencedik
16	hűsül
16	honosodik
16	házasul
16	hasasodik
16	férfiasodik
16	fehérül
16	el+romosodik
16	be+butul
15	tömegesedik
15	terebélyesül
15	tartósodik
15	szét+tágul
15	szárdul
15	opálosodik
15	nagykorúsodik
15	mellé+épül
15	meg+zsírosodik
15	meg+sötétül
15	meg+penészesedik
15	meg+párásodik
15	meg+fásodik
15	meg+csendesül
15	légiesedik
15	kukacosodik
15	ki+hasasodik
15	gondosodik
15	gázosodik
15	fásodik
15	el+vizesedik
15	el+posványosodik
15	el+párásodik
15	el+merevül
15	el+férfiasodik
15	el+csúful
15	dohosodik
15	bodorodik
15	bele+torzul
15	be+igazodik
15	be+göndörödik
15	be+erősödik
15	át+lelkesül
15	által+erősödik
14	zajosodik
14	újra+népesedik
14	svábul
14	sivatagosodik
14	remekül
14	meg+vagyonosodik
14	meg+szentül
14	meg+restül
14	meg+keskenyedik
14	meg+kedvesedik
14	meg+homályosodik
14	meg+bambul
14	mattul
14	mámorosodik
14	le+szentül
14	le+gyökeresedik
14	kövesül
14	ki+kékül
14	gennyesedik
14	fel+tornyosodik
14	erőtlenedik
14	el+zsidósodik
14	el+törökösödik
14	el+kanászosodik
14	bele+vadul
14	be+lesűrűsödik
14	bele+sárgul
14	bele+butul
14	be+gyengül
14	állandósodik
13	össze+csoportosul
13	mellé+párosul
13	meg+üszkösödik
13	meg+náthásodik
13	meg+létesül
13	meg+kövéredik
13	meg+acélosodik
13	le+sárgul
13	körbe+épül
13	ki+fehérül
13	kezesedik
13	hozzá+öregedik
13	gonoszodik
13	férgesedik
13	fel+habosodik
13	fel+gazdagodik
13	el+színesedik
13	el+súlytalanodik
13	el+nedvesedik
13	el+macskásodik
13	el+gyámoltalanodik
13	el+finomul
13	el+fekélyesedik
13	egybe+simul
13	be+mélyül
13	be+fásul
13	át+rozsdásodik
13	át+langyosodik
12	vissza+zöldül
12	túl+forrósodik
12	tetvesedik
12	rokonodik
12	ott+boldogul
12	össze+görbül
12	öntudatosodik
12	nemzetköziesedik
12	neki+bőszül
12	meg+simul
12	meg+nemesül
12	meg+molyosodik
12	meg+kristályosodik
12	le+simul
12	koszosodik
12	ki+szépül
12	ki+butul
12	helyre+igazodik
12	görcsösül
12	frankul
12	fel+tágul
12	el+vénül
12	el+városiasodik
12	el+szórványosodik
12	el+gettósodik
12	be+mattul
12	bele+vénül
12	bele+szabadul
12	bele+kutyul
12	be+kockásodik
12	be+élesedik
11	vissza+magyarosodik
11	tömbösödik
11	szerényedik
11	szentesül
11	rá+szűkül
11	rangosodik
11	rá+merevedik
11	ott+valósul
11	morcul
11	mocsarasodik
11	meg+üdvözül
11	meg+üdül
11	meg+személyesedik
11	meg+súlyosodik
11	meg+púposodik
11	meg+párosul
11	meg+mélyül
11	meg+langyosodik
11	meg+hűvösödik
11	meg+halványodik
11	meg+éhül
11	meg+édesül
11	meg+csökönyösödik
11	meg+árvul
11	le+szabadul
11	körül+kerekedik
11	ki+tollasodik
11	ki+térdesedik
11	ki+keményedik
11	keményül
11	húsosodik
11	hozzá+készülődik
11	haloványul
11	gazosodik
11	fodrosodik
11	fel+tüzesedik
11	fel+magasul
11	fel+készülődik
11	emberesedik
11	el+szerencsétlenedik
11	el+sárkányosodik
11	előre+görbül
11	el+lilul
11	el+kerekül
11	el+férgesedik
11	el+fehérül
11	el+bulvárosodik
11	el+anyagiasodik
11	bolyhosodik
11	bele+csorbul
11	bele+bénul
11	be+gyöpösödik
11	át+nyirkosodik
11	anyósodik
11	általánosul
10	zöngétlenedik
10	tovább+érvényesül
10	szegényül
10	szárazodik
10	szabványosodik
10	siketül
10	örökül
10	nyurgul
10	meg+tömörül
10	meg+párosodik
10	meg+népesedik
10	meg+milliomosodik
10	meg+marhul
10	meg+kásásodik
10	meg+hasasodik
10	meg+foltosodik
10	meg+egyesül
10	le+jegesedik
10	légiesül
10	le+fehéredik
10	korcsosodik
10	ki+veresedik
10	ki+göndörödik
10	ki+bambul
10	kényelmesedik
10	ikresedik
10	hozzá+szürkül
10	halláskárosodik
10	gyomosodik
10	érdekházasodik
10	ércesedik
10	el+szuvasodik
10	el+nyugatiasodik
10	el+hiteltelenedik
10	el+gombásodik
10	el+csenevészedik
10	el+bolondul
10	el+algásodik
10	be+mérgesedik
10	bele+soványodik
10	bele+kövesedik
10	be+ikrásodik
10	be+idegesedik
10	be+gyökeresedik
10	be+dohosodik
10	be+csomósodik
10	be+csábul
10	át+fényesedik
10	alacsonyul
9	zúzmarásodik
9	zöngésedik
9	vissza+valósul
9	vissza+szabadul
9	vissza+melegedik
9	vissza+erdősül
9	vemhesül
9	végre+készül
9	végig+készül
9	túl+nedvesedik
9	túl+készül
9	tehermentesül
9	szírül
9	színtelenedik
9	setétedik
9	rongyosodik
9	pixelesedik
9	patinásodik
9	ott+tornyosul
9	ott+magasodik
9	össze+szerelmesedik
9	néptelenedik
9	mézgásodik
9	meg+törpül
9	meg+melegszik
9	meg+lilul
9	meg+jobbul
9	meg+jelenül
9	meg+csöndesül
9	magasztosodik
9	lejtősödik
9	kopárodik
9	ki+merevül
9	ki+házasodik
9	ki+édesedik
9	kicsinyedik
9	ki+boldogul
9	kátyúsodik
9	hozzá+párosul
9	hibásodik
9	halhatatlanul
9	főnevesül
9	el+részesül
9	el+pirosodik
9	el+őszül
9	el+nyálkásodik
9	ellen+készülődik
9	el+idősödik
9	el+hegesedik
9	el+érvényesül
9	egybe+tömörül
9	dombosodik
9	csontosul
9	cserepesedik
9	be+zsírosodik
9	be+ráncosodik
9	be+pókhálósodik
9	be+mohásodik
9	bele+tüzesedik
9	bele+lazul
9	bele+készül
9	be+kristályosodik
8	vissza+szürkül
8	vissza+keményedik
8	vissza+fehéredik
8	vidámul
8	túl+lelkesedik
8	tovább+torzul
8	tovább+tágul
8	tovább+szélesedik
8	szinesedik
8	szemben+bővül
8	szaporul
8	szálasodik
8	síkosodik
8	polgáriasodik
8	özvegyül
8	mohásodik
8	meztelenedik
8	meg+vizesül
8	meg+szegényedik
8	meg+örökül
8	meg+közösül
8	meg+finomodik
8	meg+bőrösödik
8	le+bizonyul
8	kormosodik
8	ki+vékonyodik
8	ki+részesedik
8	ki+pirosul
8	ki+nagyul
8	ki+kátyúsodik
8	ki+csomósodik
8	ki+csinosodik
8	idegenedik
8	hullámosodik
8	honosul
8	hámosodik
8	hájasodik
8	fel+tarajosodik
8	fel+sűrűsödik
8	fel+nyurgul
8	épült-szépül
8	el+szélesedik
8	el+kövesedik
8	el+koszosodik
8	el+ködösödik
8	el+húsosodik
8	el+franciásodik
8	el+bozótosodik
8	édesül
8	ecetesedik
8	cukrosodik
8	combosodik
8	bőrösödik
8	bele+zápul
8	bele+szervesül
8	bele+nehezül
8	bele+mordul
8	bele+mámorosodik
8	bele+keményedik
8	be+lazul
8	be+hámosodik
8	be+gombásodik
8	be+erdősödik
8	át+zsírosodik
8	apósodik
7	zavarosodik
7	vissza+készülődik
7	vissza+igazodik
7	vissza+halványodik
7	tartósul
7	színesül
7	szikesedik
7	szenilisedik
7	súlyosul
7	sportosodik
7	rosszul
7	rá+melegedik
7	pörkösödik
7	ott+üdül
7	össze+ráncosodik
7	neki+vörösödik
7	melegszik
7	meg+vidámul
7	meg+varasodik
7	meg+szalonnásodik
7	meg+öblösödik
7	meg+kukacosodik
7	meg+koszosodik
7	meg+könnyesedik
7	meg+húsosodik
7	meg+halványul
7	meg+combosodik
7	le+silányul
7	le+részegül
7	le+puhul
7	le+lanyhul
7	le+hülyül
7	lázasodik
7	kukul
7	ködösül
7	ködösödik
7	ki+mordul
7	ki+kerekül
7	ki+józanul
7	ki+halványodik
7	ki+gyökeresedik
7	ki+elevenedik
7	ki+combosodik
7	keskenyül
7	ízesedik
7	hűvösül
7	hozzá+melegedik
7	hozzá+édesedik
7	híresül
7	haza+szabadul
7	hárfásodik
7	hamvasodik
7	görcsösödik
7	gazul
7	formásodik
7	feszesedik
7	fel+görbül
7	fel+fényesül
7	fel+bővül
7	fel+bolyhosodik
7	eszesedik
7	el+tanácstalanodik
7	el+szerbesedik
7	el+sűrűsödik
7	el+soványodik
7	el+silányodik
7	el+porosodik
7	el+polgáriasodik
7	el+olaszosodik
7	el+mocskosodik
7	el+kocsonyásodik
7	el+kínaiasodik
7	el+keskenyül
7	el+iszákosodik
7	el+gyorsul
7	el+gazdátlanodik
7	el+fanyarodik
7	elé+magasodik
7	elé+készül
7	el+csorbul
7	el+bunkósodik
7	dühösödik
7	csípősödik
7	csipásodik
7	búbosodik
7	borostásodik
7	be+penészesedik
7	be+lustul
7	be+lészerelmesedik
7	bele+házasodik
7	be+kövesedik
7	be+bőrösödik
7	által+szabadul
7	által+épül
7	alá+simul
7	acélosodik
6	vízkövesedik
6	vissza+szilárdul
6	vissza+puhul
6	végre+szabadul
6	vállasodik
6	újra+kristályosodik
6	újjá+egyesül
6	túrosodik
6	túl+puhul
6	tovább+porosodik
6	tökéletesül
6	tökélesedik
6	testvériesül
6	sántul
6	restül
6	rá+szürkül
6	rá+görbül
6	rácul
6	pöttyösödik
6	popul
6	pajtásodik
6	össze+öregedik
6	örökösödik
6	neki+vidámodik
6	mohosodik
6	mellé+simul
6	mellé+készül
6	meg+vizesedik
6	meg+túrósodik
6	meg+torzul
6	meg+tornyosul
6	meg+teljesedik
6	meg+sokszorosodik
6	meg+sertésedik
6	meg+pudvásodik
6	meg+népesül
6	meg+magasodik
6	meg+komorodik
6	meg+kábul
6	meg+jámborodik
6	meg+hullámosodik
6	meg+hígul
6	meg+férgesedik
6	meg+elegyedik
6	meg+deresedik
6	meg+csúful
6	meg+bölcsül
6	le+némul
6	le+mélyül
6	le+csöndesül
6	le+betegszik
6	lassúbbodik
6	körül+sűrűsödik
6	körül+ritkul
6	körül+csoportosul
6	kondorodik
6	ki+szálkásodik
6	kisgazdásodik
6	ki+gyérül
6	ki+gödrösödik
6	ki+feketedik
6	ki+erősödik
6	kékül-zöldül
6	kékült-zöldül
6	kátrányosodik
6	kanalasodik
6	javasul
6	jámborodik
6	hozzá+fiatalodik
6	hozzá+erősödik
6	hősödik
6	hálózatosodik
6	gyümölcsösödik
6	gáztalanodik
6	fürtösödik
6	forintosul
6	fondorul
6	fideszesedik
6	fel+paprikásodik
6	fel+nedvesedik
6	fel+nagyul
6	el+zordul
6	el+tágul
6	el+szemetesedik
6	el+szelídül
6	el+sátánosodik
6	el+ridegül
6	el+pusztásodik
6	el+piszkosodik
6	el+latinosodik
6	el+kötőszövetesedik
6	el+könnyesül
6	el+karsztosodik
6	el+görögösödik
6	el+enyhül
6	el+csehesedik
6	el+bénul
6	éktelenedik
6	csoportosodik
6	buborékosodik
6	be+valósul
6	be+taknyosodik
6	be+szőrösödik
6	bele+sűrűsödik
6	bele+részegedik
6	bele+pirosodik
6	bele+kergül
6	bele+feketül
6	bele+csontosodik
6	bele+csábul
6	be+könnyesedik
6	be+kocsonyásodik
6	be+forrósodik
6	be+feketül
6	be+deresedik
6	be+bolondul
6	be+bambul
6	babásodik
6	azonosodik
5	zombisodik
5	vissza+szelídül
5	vissza+halkul
5	vissza+gyermekesedik
5	vissza+csábul
5	vissza+butul
5	végre+épül
5	üregesedik
5	tovább+szegényedik
5	tovább+rosszabbodik
5	tovább+részesül
5	tovább+nehezedik
5	tovább+mérgesedik
5	tovább+melegedik
5	tovább+durvul
5	tokosodik
5	térhálósodik
5	társadalmiasul
5	szivacsosodik
5	szilajodik
5	szét+rozsdásodik
5	szerte+épül
5	szemtelenedik
5	szektásodik
5	sivárodik
5	sikeresedik
5	sarkosodik
5	ridegül
5	rá+teljesül
5	rá+súlyosodik
5	rá+rozsdásodik
5	rá+csábul
5	pofásodik
5	pikánsul
5	parásodik
5	ott+lelkesedik
5	össze+pontosul
5	össze+párosodik
5	oda+tömörül
5	nyugatiasodik
5	nyomvályúsodik
5	neki+szilajodik
5	neki+simul
5	neki+melegedik
5	meg+zsizsikesedik
5	meg+tüzesedik
5	meg+tüskésedik
5	meg+tömörödik
5	meg+szuvasodik
5	meg+szőkül
5	meg+rosszabbodik
5	meg+pocakosodik
5	meg+paripásodik
5	meg+módosul
5	meg+mentesül
5	meg+laposodik
5	meg+karcsúsodik
5	meg+kamaszodik
5	meg+hatalmasodik
5	meg+hártyásodik
5	meg+ferdül
5	meg+fényesül
5	meg+erőtelenül
5	meg+cukrosodik
5	meg+állandósul
5	meg+adósodik
5	márványosodik
5	lyukasodik
5	lucskosodik
5	le+vékonyodik
5	le+vadul
5	le+törpül
5	le+öregedik
5	le+mordul
5	le+lágyul
5	középosztályosodik
5	közé+elegyedik
5	körül+sokasodik
5	körül+erősödik
5	körül+épül
5	komplettül
5	ki+világosul
5	ki+szakállasodik
5	ki+kopaszodik
5	ki+izmosodik
5	ki+habosodik
5	ki+gyorsul
5	ki+gyengül
5	ki+fiatalodik
5	ki+bolyhosodik
5	ki+bolondul
5	ki+bodorodik
5	kénytelenül
5	kénytelenedik
5	karcosodik
5	jelentéktelenedik
5	ittasodik
5	ide+nősül
5	hurkásodik
5	hozzá+vénül
5	híresedik
5	háziasodik
5	gyávul
5	fölé+épül
5	fel+vidámul
5	felül+teljesül
5	fel+tőkésedik
5	fel+terebélyesedik
5	fel+táskásodik
5	fel+tarul
5	fel+sötétedik
5	fel+jogosul
5	fel+hullámosodik
5	fel+göndörödik
5	felemásul
5	fel+cserepesedik
5	fátyolosodik
5	faszul
5	etruszkul
5	értelmesedik
5	emberiesedik
5	el+vizenyősödik
5	el+vallástalanodik
5	el+tokosodik
5	el+tályogosodik
5	el+szegényül
5	el+szappanosodik
5	el+sivárul
5	el+sivárodik
5	el+rövidül
5	el+restül
5	el+poposodik
5	el+polgárosodik
5	el+pocakosodik
5	elő+göndörödik
5	el+nősül
5	el+nitrátosodik
5	el+népiesedik
5	el+lomposodik
5	el+lengyelesedik
5	el+láposodik
5	el+különödik
5	el+közösül
5	el+közönségesedik
5	el+kövéredik
5	el+könnyesedik
5	el+kérgesedik
5	el+kényesedik
5	el+jellegtelenedik
5	el+igénytelenedik
5	el+hűvösödik
5	el+homokosodik
5	el+házasodik
5	el+gonoszodik
5	élesül
5	el+dologiasodik
5	el+amerikaiasodik
5	ékesedik
5	egyneműsödik
5	bodorul
5	blődül
5	bizonyosul
5	be+tompul
5	be+tömörödik
5	be+töményedik
5	be+savasodik
5	be+őszül
5	be+mohosodik
5	bele+zsírosodik
5	bele+veresedik
5	bele+tompul
5	bele+testesül
5	bele+lelkesedik
5	bele+igazodik
5	bele+gyökeresedik
5	bele+betegszik
5	be+golyósodik
5	be+gennyesedik
5	be+frissül
5	át+szabadul
5	át+puhul
5	át+nedvesül
5	át+lucskosodik
5	át+lázasodik
5	át+készül
5	által+részesül
4	vízszintesedik
4	vissza+pusztul
4	vissza+öregedik
4	vissza+honosodik
4	vissza+gyerekesedik
4	vissza+drágul
4	vissza+barnul
4	vaskosodik
4	utána+ferdül
4	unalmasodik
4	tuskósodik
4	túrósodik
4	tovább+rövidül
4	tovább+puhul
4	tovább+lombosodik
4	tovább+fehéredik
4	tovább+enyhül
4	tönkre+silányul
4	tölcséresedik
4	tőkésedik
4	takarékosodik
4	tágul-szűkül
4	szorosodik
4	szlovákosodik
4	szerényül
4	személytelenedik
4	szemben+épül
4	szárnyasodik
4	szakállasodik
4	szagtalanodik
4	sejtesedik
4	rokonul
4	rákosodik
4	rá+keményedik
4	rá+bambul
4	pudvásodik
4	posványosodik
4	porcosodik
4	poposodik
4	pókhálósodik
4	pikkelyesedik
4	ott+tömörül
4	ott+szabadul
4	ott+létesül
4	ott+erősödik
4	ott+bizonyul
4	össze+filcesedik
4	össze+elegyedik
4	orvul
4	öregszik
4	odvasodik
4	ödémásodik
4	oda+igazodik
4	oda+házasodik
4	oda+csoportosul
4	nyalánkodik
4	nevesül
4	népiesedik
4	neki+kerekedik
4	meg+zúzmarásodik
4	meg+vállasodik
4	meg+tudatosul
4	meg+szilajodik
4	meg+szíjasodik
4	meg+szerelmesedik
4	meg+szárnyasul
4	meg+rútul
4	meg+nyüvesedik
4	meg+nyurgul
4	meg+normálisodik
4	meg+lombosodik
4	meg+lanyhul
4	meg+keményül
4	meg+jegesedik
4	meg+házasul
4	meg+görcsösödik
4	meg+gombásodik
4	meg+formásodik
4	meg+folyósodik
4	meg+férgesül
4	meg+felhősödik
4	meg+dühösödik
4	meg+családosodik
4	meg+bikásodik
4	magányosodik
4	macskásodik
4	lomhul
4	linkül
4	levelesedik
4	létre+készül
4	le+szálkásodik
4	le+silányodik
4	le+párásodik
4	le+mattul
4	le+laposodik
4	le+kicsinyül
4	le+híresül
4	le+halványul
4	le+feketedik
4	krémesedik
4	kövérül
4	körül+tágul
4	körül+állandósul
4	koptul
4	ki+zsírosodik
4	ki+vastagodik
4	ki+üdül
4	ki+tökéletesedik
4	ki+szegényedik
4	ki+pofásodik
4	ki+nősül
4	ki+melegszik
4	ki+lázasodik
4	ki+kutyul
4	ki+károsodik
4	ki+idegenedik
4	ki+hígul
4	ki+gazdagodik
4	ki+fényesül
4	ki+deresedik
4	ki+buggyosodik
4	ki+barnul
4	ki+azonosul
4	inasodik
4	hozzá+torzul
4	hozzá+kerekedik
4	hozzá+hülyül
4	hozzá+durvul
4	hívül
4	havasodik
4	hátra+simul
4	hátra+igazodik
4	hátra+görbül
4	hamusodik
4	halhatatlanodik
4	halálosodik
4	gyepesedik
4	főnevesedik
4	filcesedik
4	fényesül
4	fel+vizesedik
4	fel+simul
4	fel+ritkul
4	fel+pirosodik
4	fel+melegül
4	fel+levegősödik
4	fel+langyosodik
4	fel+lágyul
4	fel+dühösödik
4	fekélyesedik
4	fanyarodik
4	európaiasodik
4	eresedik
4	el+zúzmarásodik
4	el+zöngétlenedik
4	el+vértelenedik
4	el+ukránosodik
4	el+tésztásodik
4	el+szennyesedik
4	el+szászosodik
4	el+setétül
4	el+rútul
4	el+ráncosodik
4	el+pixelesedik
4	el+pépesedik
4	el+parasztosodik
4	el+parásodik
4	el+mongolosodik
4	el+molyosodik
4	el+medvésedik
4	el+marhul
4	ellen+bizonyul
4	el+lelkesedik
4	el+légiesedik
4	el+laposul
4	el+közömbösödik
4	el+konyul
4	el+íresedik
4	el+hegyesedik
4	el+hályogosodik
4	el+haloványul
4	el+gyermekesedik
4	el+gyerekesedik
4	el+foltosodik
4	el+finomodik
4	el+fiatalodik
4	elevenül
4	el+életlenedik
4	el+édesül
4	el+csirizesedik
4	el+csángósodik
4	el+bővül
4	el+betegedik
4	el+aszályosodik
4	el+arabosodik
4	együtt+készül
4	egyet+mordul
4	egészségesedik
4	egesedik
4	edzősödik
4	csupaszul
4	csinosul
4	cserjésedik
4	borzasodik
4	boldogodik
4	blokkosodik
4	be+zavarosodik
4	be+tüzesedik
4	be+torzul
4	be+szerelmesedik
4	be+szénsavasodik
4	be+setétedik
4	be+lombosodik
4	bele+sötétedik
4	bele+rozsdásodik
4	bele+lilul
4	bele+idegenedik
4	bele+frissül
4	bele+durvul
4	bele+büdösödik
4	be+kutyul
4	be+komolyodik
4	be+kábul
4	be+iszaposodik
4	be+hullámosodik
4	be+homályosul
4	be+hártyásodik
4	be+foltosodik
4	be+fehéredik
4	be+boltosul
4	bandzsul
4	balogul
4	át+vörösödik
4	át+simul
4	át+nősül
4	át+nemesedik
4	árnyasodik
4	arányosodik
4	által+teljesül
4	agyon+finomul
3	vissza+tágul
3	vissza+személyesedik
3	vissza+rövidül
3	vissza+németesedik
3	vissza+módosul
3	vissza+merevedik
3	vissza+laposodik
3	vissza+komolyodik
3	vissza+kékül
3	vissza+izmosodik
3	vissza+hidegedik
3	vissza+emberesedik
3	vissza+álmosodik
3	virágosodik
3	világiasodik
3	véresedik
3	végtelenedik
3	végre+részesül
3	végig+vadul
3	végig+simul
3	végig+gyengül
3	üzletiesedik
3	utána+szabadul
3	üresül
3	ünnepélyesedik
3	túl+terebélyesedik
3	túl+tágul
3	túl+finomodik
3	tulajdonodik
3	túl+adósodik
3	tovább+vastagodik
3	tovább+terebélyesedik
3	tovább+szépül
3	tovább+sűrűsödik
3	tovább+módosul
3	tovább+lelkesedik
3	tovább+készülődik
3	tovább+finomodik
3	tovább+egyszerűsödik
3	tovább+dúsul
3	tovább+csorbul
3	töményedik
3	talajosodik
3	szűkül-tágul
3	szövevényesedik
3	szotyósodik
3	szottyosodik
3	szorbul
3	szögletesedik
3	sziklásodik
3	szét+terebélyesedik
3	szét+ritkul
3	szét+kertesedik
3	szét+elegyedik
3	szerte+létesül
3	személynevesül
3	személyesül
3	szemben+magasodik
3	szemben+erősödik
3	strammul
3	spanyolosodik
3	sokszorosodik
3	slumosodik
3	sivárul
3	semlegesül
3	rozsdásul
3	rostosodik
3	románosodik
3	reszesedik
3	rá+közösül
3	rá+gyorsul
3	rá+fanyarodik
3	puklisodik
3	pocsolyásodik
3	pimpósodik
3	pépesedik
3	párhuzamosodik
3	palásodik
3	ott+tompul
3	ott+sötétedik
3	ott+rozsdásodik
3	ott+gyengül
3	ott+görbül
3	oszloposodik
3	ószlávul
3	össze+tornyosul
3	össze+párosul
3	össze+mordul
3	össze+kedvesedik
3	össze+hegesedik
3	ólmosodik
3	olcsósodik
3	oda+nősül
3	oda+fehéredik
3	nyálkásodik
3	neki+vidorodik
3	neki+pirosodik
3	neki+lelkesedik
3	neki+dühösödik
3	molyosodik
3	módosodik
3	mobilodik
3	mézesedik
3	mellesedik
3	meg+virágosodik
3	meg+veszekszik-vénül
3	meg+vaskosul
3	meg+üszögösödik
3	meg+ügyesedik
3	meg+terebélyesedik
3	meg+szőrösödik
3	meg+szakosodik
3	meg+szakállasodik
3	meg+setétedik
3	meg+sebesedik
3	meg+részesedik
3	meg+pikkelyesedik
3	meg+önállósodik
3	meg+nyúlósodik
3	meg+meszesedik
3	meg+lucskosodik
3	meg+lovasodik
3	meg+lelkesül
3	meg+langyul
3	meg+kutyul
3	meg+közül
3	meg+kozmásodik
3	meg+kezesedik
3	meg+károsul
3	meg+józanodik
3	meg+ízetlenül
3	meg+ízesedik
3	meg+inasodik
3	meg+idősödik
3	meg+hegyesedik
3	meg+hamisodik
3	meg+halkul
3	meg+gumisodik
3	meg+grízesedik
3	meg+gonoszodik
3	meg+erőtlenedik
3	meg+érdesedik
3	meg+élesül
3	meg+egyszerűsödik
3	meg+egyenesedik
3	meg+egeresedik
3	meg+durvul
3	meg+csupaszodik
3	meg+csúcsosodik
3	meg+csinosodik
3	meg+bőszül
3	meg+borosodik
3	meg+bogosodik
3	meg+asszonyosodik
3	meg+aljasul
3	magzatosodik
3	magyarul
3	magyarodik
3	magosodik
3	lúgosodik
3	limonitosodik
3	levegősödik
3	le+vakul
3	le+szerényedik
3	le+alacsonyul
3	kurtábbodik
3	külföldiesedik
3	központosodik
3	közé+készül
3	közé+épül
3	közbe+mordul
3	körül+magasodik
3	komolytalanodik
3	ki+valósul
3	ki+tudósodik
3	ki+szerelmesedik
3	kispolgárosodik
3	ki+soványodik
3	ki+pikkelyesedik
3	ki+nedvesedik
3	ki+lelkesedik
3	ki+kotyogósodik
3	ki+jogosul
3	ki+jegesedik
3	ki+igazul
3	ki+hidegedik
3	ki+halványul
3	ki+forrósodik
3	ki+foltosodik
3	ki+csúful
3	ki+csírásodik
3	kicsinyül
3	ki+csinosul
3	ki+bokrosodik
3	ki+bizonyul
3	kevesebbedik
3	készül-készül
3	kecskésedik
3	karosodik
3	kacérul
3	irásodik
3	indül
3	igényesedik
3	ide+szabadul
3	ide+házasodik
3	ide+csábul
3	hurkosodik
3	hozzá+szelídül
3	hozzá+szegényedik
3	hozzá+mélyül
3	hozzá+keményedik
3	hozzá+ízesül
3	hozzá+butul
3	hínárosodik
3	háziasul
3	hátra+mordul
3	hangyásodik
3	győzedelmesedik
3	gyöngyösödik
3	gyantásodik
3	gumisodik
3	gorombul
3	gödrösödik
3	göbösödik
3	gazdagul
3	-frissül
3	folyósodik
3	foghíjasodik
3	fel+tevésedik
3	fel+sudárodik
3	fel+pusztul
3	fel+-mordul
3	fel+lombosodik
3	fel+iszaposodik
3	fel+homályosodik
3	fel+gombásodik
3	fel+gazosodik
3	fel+dombosodik
3	fel+csupaszodik
3	evesedik
3	értelmesül
3	erdősödik
3	érdesedik
3	engedelmesedik
3	el+zuzmósodik
3	el+zombisodik
3	el+zavarosodik
3	el+zátonyosodik
3	el+zápul
3	el+vidékiesedik
3	el+vastagodik
3	el+varasodik
3	el+varangyosodik
3	el+üzletesedik
3	el+unalmasodik
3	el+ügyetlenedik
3	el+taknyosodik
3	el+szivacsosodik
3	el+szexesedik
3	el+székelyesedik
3	el+süketül
3	el+sárosodik
3	el+rosszul
3	el+podzolosodik
3	el+pocsolyásodik
3	el+piacosodik
3	el+pestiesedik
3	előre+bizonyul
3	el+ólmosodik
3	el+növényesedik
3	el+lúgosodik
3	el+létesül
3	el+langyosodik
3	el+kristályosodik
3	el+kormosodik
3	el+korcsul
3	el+kopaszodik
3	el+konzolosodik
3	el+komolytalanodik
3	el+kergül
3	el+kereszténytelenedik
3	el+kásásodik
3	el+japánosodik
3	el+iparosodik
3	el+horvátosodik
3	el+hínárosodik
3	el+hígul
3	el+haragul
3	el+görcsösödik
3	el+giccsesedik
3	el+gazosul
3	el+gázosodik
3	el+függetlenedik
3	el+forrósodik
3	el+európaiasodik
3	élénkedik
3	el+egyesül
3	elé+épül
3	el+denevéresedik
3	el+cukrosodik
3	el+cserjésedik
3	el+csámpásodik
3	el+bolhásodik
3	el+bizonyul
3	el+barbárosodik
3	el+balkániasodik
3	el+aránytalanodik
3	el+apátlanodik
3	el+anyagtalanodik
3	el+aggul
3	eklatánsul
3	ékesül
3	éhül
3	egyenrangúsodik
3	derekul
3	csillagosodik
3	cicisedik
3	bimbósodik
3	betegül
3	be+tágul
3	be+sárosodik
3	be+részesül
3	be+puhul
3	bele+tágul
3	bele+szűkül
3	bele+szilárdul
3	bele+szegényedik
3	bele+ráncosodik
3	bele+magasodik
3	bele+kopaszodik
3	bele+hősül
3	bele+fiatalodik
3	bele+csúnyul
3	bele+bátorodik
3	be+konyul
3	be+kerekedik
3	be+habosodik
3	be+élénkül
3	be+dúsul
3	be+csipásodik
3	be+cserjésedik
3	be+bokrosodik
3	be+azonosul
3	be+álmosodik
3	be+algásodik
3	bankosodik
3	balkánosodik
3	át+színesedik
3	át+pirosodik
3	át+nemesül
3	át+kristályosul
3	át+finomodik
3	át+érvényesül
3	aszályosodik
3	árnyékosodik
3	áramvonalasodik
3	apusodik
3	által+üdvözül
3	által+készül
3	által+bővül
3	alantasul
3	alá+erősödik
3	agykárosodik
3	agyagosodik
3	aggul
2	zsombékosodik
2	zselésedik
2	zordonul
2	zamatosodik
2	vissza+vékonyodik
2	vissza+újul
2	vissza+törpül
2	vissza+tompul
2	vissza+tömörödik
2	vissza+szűkül
2	vissza+szlovákosodik
2	vissza+szépül
2	vissza+sűrűsödik
2	vissza+soványodik
2	vissza+sötétedik
2	vissza+silányul
2	vissza+mélyül
2	vissza+lágyul
2	vissza+kristályosul
2	vissza+kristályosodik
2	vissza+korosodik
2	vissza+ízesül
2	vissza+hülyül
2	vissza+háziasodik
2	vissza+hatalmasodik
2	vissza+hangosodik
2	vissza+göndörödik
2	vissza+gazdagodik
2	vissza+forrósodik
2	vissza+finomodik
2	vissza+feketedik
2	vissza+csendesedik
2	vissza+bolondul
2	vissza+betegedik
2	vissza+bátorodik
2	vissza+állatiasodik
2	vissza+alacsonyodik
2	villásodik
2	világiasul
2	vértelenedik
2	vényesül
2	vemhesedik
2	véletlenül
2	végre+tudatosul
2	végre+teljesül
2	végre+egyesül
2	végre+boldogul
2	végig+érvényesül
2	végig+bizonyul
2	vásik-vénül
2	varangyosodik
2	vackosodik
2	utcabálosodik
2	utasodik
2	utána+pusztul
2	utána+készül
2	utána+kerekedik
2	utána+boldogul
2	urasodik
2	újságírósodik
2	újra+vizesedik
2	újra+testesül
2	újra+szilárdul
2	újra+honosodik
2	újra+elevenedik
2	ügyetlenedik
2	túl+nehezedik
2	túl+gyorsul
2	túl+görbül
2	tova+sárgul
2	tova+épül
2	tovább+vékonyodik
2	tovább+tisztul
2	tovább+színesedik
2	tovább+szilárdul
2	tovább+sokasodik
2	tovább+öregedik
2	tovább+igazodik
2	tovább+frissül
2	tovább+ferdül
2	tovább+élesedik
2	tovább+búsul
2	tovább+boldogul
2	totyakosodik
2	törvényesül
2	törvényesedik
2	történetesedik
2	torkosodik
2	tönkre+készül
2	tokásodik
2	többszörösödik
2	tétlenül
2	testvéresül
2	testetlenedik
2	terhesedik
2	tele+gombásodik
2	tekintélyesedik
2	tejesül
2	táskásodik
2	tarul
2	társadalmasodik
2	tanúsodik
2	taknyosodik
2	tájiasodik
2	szúrósodik
2	szövetségesedik
2	szőrtelenedik
2	szolidul
2	sznobul
2	szivárványosodik
2	szikrásodik
2	szigetesedik
2	szét+vadul
2	szét+torzul
2	szét+épül
2	szervesedik
2	szerte+semmisül
2	szerte+lazul
2	szennyesedik
2	szemetesedik
2	szemesedik
2	személyesedik
2	szemben+részesül
2	szemben+készül
2	szemben+károsodik
2	szelesedik
2	székelyesedik
2	szegényesedik
2	szarusodik
2	szárnyasul
2	számszerűsödik
2	számítógépesedik
2	szalmásodik
2	szabványosul
2	szabálytalanodik
2	svédesül
2	súlytalanodik
2	súgósodik
2	sörtésedik
2	sokasul
2	slágeresedik
2	serényedik
2	selymesedik
2	sekélyül
2	sekélyesül
2	savósodik
2	sarlósodik
2	salétromosodik
2	salakosodik
2	rücskösödik
2	rózsásodik
2	-rosszul
2	rongyul
2	rokonosodik
2	rögösödik
2	rockosodik
2	riválisodik
2	ridegedik
2	revesedik
2	rendületlenül
2	rendszeresedik
2	rá+zápul
2	rá+világosodik
2	rá+vakul
2	rá+tornyosul
2	rá+tömörül
2	rasztásodik
2	rá+súlyosul
2	rá+sötétül
2	rá+készülődik
2	rá+kerekedik
2	rá+gyökeresedik
2	rá+görcsösödik
2	rá+édesedik
2	rá+dohosodik
2	rá+dadásul
2	rácsosodik
2	rá+cserepesedik
2	rá+bolondul
2	platformosodik
2	piszkosodik
2	pettyesedik
2	pépesül
2	pelyhesedik
2	pattanásosodik
2	paripásodik
2	ott+terebélyesedik
2	ott+szilárdul
2	ott+sűrűsödik
2	ott+részesül
2	ott+öregedik
2	ott+melegedik
2	ott+készülődik
2	otthonosodik
2	ott+házasodik
2	ott+hasznosul
2	ott+gyökeresedik
2	ott+feketedik
2	ott+csúcsosodik
2	össze+zavarosodik
2	össze+torzul
2	összesürüsödik
2	össze+sárgul
2	össze+rozsdásodik
2	össze+rokonosodik
2	össze+rémesedik
2	össze+pusztul
2	össze+puhul
2	össze+nemezesedik
2	össze+merevül
2	össze+lelkesedik
2	össze+kövesül
2	össze+keskenyedik
2	össze+keményedik
2	össze+igazodik
2	össze+házasul
2	össze+édesedik
2	össze+birkásodik
2	oroszosodik
2	ormosodik
2	öregasszonyosodik
2	öntudatosul
2	olaszosodik
2	olajosodik
2	okosabbodik
2	oda+szelídül
2	oda+puhul
2	oda+módosul
2	oda+merevedik
2	oda+melegedik
2	oda+készülődik
2	oda+görbül
2	oda+csábul
2	oda+bolondul
2	nyalábosodik
2	novellásodik
2	nevesedik
2	nettül
2	néptelenül
2	népszerűtlenedik
2	népszérűsödik
2	nemezesedik
2	neki+mérgesedik
2	neki+lelkesül
2	neki+emberesedik
2	neki+élesedik
2	náthásodik
2	mórul
2	mocskosodik
2	meztelenül
2	meredekedik
2	mellé+magasodik
2	meg+zenésedik
2	meg+vaskosodik
2	meg+urasodik
2	meg+terhesül
2	meg+templomosodik
2	meg+telesedik
2	meg+taknyosodik
2	meg+szotyósodik
2	meg+szívósodik
2	meg+színesül
2	meg+szarvasodik
2	meg+szálkásodik
2	meg+szagosodik
2	meg+sömörösödik
2	meg+serényedik
2	meg+seggesedik
2	meg+sajtosodik
2	meg+rühesedik
2	meg+rongyosodik
2	meg+rögösödik
2	meg+ridegül
2	meg+revesedik
2	meg+pulykásodik
2	meg+pókhálósodik
2	meg+öröködik
2	meg+ólmosodik
2	meg+okosul
2	meg+nyakasodik
2	meg+nőiesedik
2	meg+nedvesül
2	meg+mohosodik
2	meg+módosodik
2	meg+mihályosodik
2	meg+makacsul
2	meg+magyarodik
2	meg+magasztosul
2	meg+levesedik
2	meg+lassúbbodik
2	meg+kovászosodik
2	meg+korosodik
2	meg+komorul
2	meg+kockásodik
2	meg+kevélyedik
2	meg+kérgesül
2	meg+kehesedik
2	meg+kecskésedik
2	meg+kampósodik
2	meg+jegecesedik
2	meg+javasul
2	meg+izmosul
2	meg+ismerősödik
2	meg+hűsül
2	meg+homokosodik
2	meg+homályosul
2	meg+hiúsul
2	meg+híresedik
2	meg+harmatosodik
2	meg+hamisul
2	meg+hájasodik
2	meg+habosodik
2	meg+gyerekesedik
2	meg+függőlegesedik
2	meg+függetlenedik
2	meg+finomul
2	meg+filcesedik
2	meg+fehérül
2	meg+erősül
2	meg+érdemesül
2	meg+emberiesül
2	meg+egészségesedik
2	meg+csoportosul
2	meg+csillagosodik
2	meg+csenevészül
2	meg+csehül
2	meg+bugosodik
2	meg+bizonyosul
2	meg+betegül
2	meg+begyesedik
2	meg+aszúsodik
2	meg+apósodik
2	meg+alacsonyodik
2	masszásodik
2	mangalicásodik
2	májkárosodik
2	magyarosul
2	magmásodik
2	lomposodik
2	lívül
2	liliomosodik
2	levesedik
2	le+trottyosodik
2	létre+készülődik
2	le+szelídül
2	le+romosodik
2	le+ritkul
2	le+lassúbbodik
2	le+kopárodik
2	le+kokszosodik
2	le+kerekül
2	le+keményedik
2	le+kékül
2	le+házasodik
2	le+halványodik
2	légtelenedik
2	le+göndörödik
2	legényesedik
2	le+finomodik
2	le+ferdül
2	le+fakul
2	le+egyesül
2	ledérül
2	le+csórósodik
2	le+bambul
2	le+aprósodik
2	lassul-gyorsul
2	lassabbodik
2	lányosodik
2	lankásodik
2	langyul
2	langyosul
2	láncosodik
2	lakályosodik
2	kúposodik
2	külön+készül
2	kuckósodik
2	kreolosodik
2	kráteresedik
2	közömbösül
2	kozmetikusodik
2	közjogiasodik
2	körül+zöldül
2	körül+tornyosul
2	körül+szűkül
2	körül+szépül
2	körül+készülődik
2	körül+készül
2	körül+csendesedik
2	korcsul
2	koravénül
2	kopaszul
2	könnyesedik
2	kokszosodik
2	klubosodik
2	ki+vékonyul
2	ki+üresül
2	ki+üregesedik
2	ki+ügyesedik
2	ki+testesedik
2	ki+tejesedik
2	ki+szöszösödik
2	ki+szegesedik
2	ki+sósodik
2	kisebbül
2	ki+puhul
2	ki+pelyhesedik
2	ki+párosul
2	ki+őszül
2	ki+nyurgul
2	ki+narancsosodik
2	ki+magyarosodik
2	ki+közösül
2	ki+kérgesedik
2	ki+-kerekedik
2	ki+karéjosodik
2	ki+jelentéktelenedik
2	ki+hólyagosodik
2	kígyósodik
2	ki+gyöngyösödik
2	ki+görbül
2	ki+fürtösödik
2	ki+érvényesül
2	ki+enyhül
2	ki+élesül
2	ki+elegyedik
2	ki+egyesül
2	ki+egyenesül
2	ki+csontosodik
2	ki+buborékosodik
2	ki+boltosul
2	ki+betegedik
2	kézművesedik
2	kétnyelvűsödik
2	kérgesül
2	képesül
2	kékesedik
2	kegyetlenedik
2	kecsesül
2	karbonátosodik
2	kaolinosodik
2	kalászosodik
2	józanul
2	jelesedik
2	jelenedik
2	ivartalanodik
2	irigyedik
2	indiánosodik
2	immunkárosodik
2	időtlenedik
2	ide+sárgul
2	ide+pusztul
2	ide+melegedik
2	ide+honosodik
2	idegesedik
2	hunul
2	hozzá+tompul
2	hozzá+részesül
2	hozzá+okosodik
2	hozzá+korosodik
2	hozzá+kezesedik
2	hozzá+görbül
2	hozzá+fakul
2	hozzá+aljasul
2	horgosodik
2	hófehérül
2	hitvesedik
2	hiteltelenedik
2	hétköznapiasodik
2	haza+épül
2	hatástalanodik
2	harsul-falsul
2	gyűrűsödik
2	gyorsul-lassul
2	gyorsul-gyorsul
2	gyöpösödik
2	gyöngyül
2	gyógyult-üszkösödik
2	gyermetegül
2	gyapjasodik
2	gyámoltalanodik
2	gumósodik
2	göndörül
2	gombócosodik
2	glóriásul
2	gesztesedik
2	gépiesedik
2	gallul
2	gálánsul
2	füvesedik
2	frígül
2	franciásodik
2	fölöslegesül
2	fölé+tornyosodik
2	fogkövesedik
2	foganatosul
2	foganatosodik
2	fittül
2	figurásodik
2	fettül
2	férgesül
2	fenn+mordul
2	fel+zöldül
2	fel+zavarosodik
2	fel+vizenyősödik
2	fel+valósul
2	fel+turbósodik
2	fel+sebesedik
2	félre+görbül
2	fel+nyúlánkodik
2	felnőttesedik
2	fel+nemesedik
2	fel+melegszik
2	fel+magasztosodik
2	fel+kevélyedik
2	fel+izmosodik
2	fel+hülyül
2	fel+homályosul
2	fel+hatalmasodik
2	feleségesül
2	fel+elevenül
2	fel+egyenesül
2	fel+csúnyul
2	fel+csúful
2	fel+csúcsosodik
2	fel+csábul
2	fel+búsul
2	fel+budoárosodik
2	fel+buborékosodik
2	fel+bozótosodik
2	fel+bokrosodik
2	fejesedik
2	fárad-okosodik
2	fajsúlyosodik
2	facebookosodik
2	ezüstösödik
2	extrémül
2	erősödött-gyengül
2	épül-omol
2	épül-készül
2	-épül
2	epésedik
2	emberiesül
2	el+vízkövesedik
2	el+vírusosodik
2	el+világosiasodik
2	el+világiasul
2	el+varacskosodik
2	el+üvegesedik
2	el+unalmasul
2	el+üdvözül
2	el+turistásodik
2	el+tőzegesedik
2	el+teljesül
2	el+tekergősödik
2	el+tarjagosodik
2	el+tárgyiasul
2	el+szuvasul
2	el+szőrösödik
2	el+szobrosodik
2	el+szenesül
2	el+szemcsésedik
2	el+szappanoperásodik
2	el+slágeresedik
2	el+síkul
2	el+sávosodik
2	el+sárgásodik
2	el+salakosodik
2	el+sajtosodik
2	el+ruszinosodik
2	el+rühesedik
2	el+romásodik
2	el+rojtosodik
2	el+ritkul
2	el+ringyósodik
2	el+revüsödik
2	el+részegedik
2	el+redősödik
2	el+penészesedik
2	el+parlagosodik
2	el+parlagiasodik
2	el+pacásodik
2	elő+szárnyasodik
2	elő+szálasodik
2	előre+valósul
2	előre+konyul
2	elő+magasodik
2	el+oláhosodik
2	elő+készülődik
2	elő+feketedik
2	elő+épül
2	elő+boltosodik
2	elő+bátorodik
2	el+nyálasodik
2	el+nincstelenedik
2	el+nemzetlenedik
2	el+nemzetköziesedik
2	el+négeresedik
2	el+mohásodik
2	el+módosul
2	el+mérgesül
2	el+magyartalanodik
2	el+magányosul
2	el+magánosodik
2	el+maffiásodik
2	el+lumpenesedik
2	el+lucskosodik
2	el+lombosodik
2	el+lidércesedik
2	el+lényegtelenedik
2	ellen+tömörül
2	el+krétásodik
2	el+közönyösödik
2	el+kövesül
2	el+-komorodik
2	el+kínosodik
2	el+keményedik
2	el+kátyúsodik
2	el+karmosodik
2	el+kajánul
2	el+jellemtelenedik
2	el+játékosodik
2	el+iszlámosodik
2	el+hűvösül
2	el+hűtlenül
2	el+hártyásodik
2	el+hangsúlytalanodik
2	el+hamusodik
2	el+gyökértelenedik
2	el+gyepesedik
2	el+gyantásodik
2	el+gorombul
2	el+gazdagodik
2	el+férfiatlanodik
2	el+fénytelenedik
2	el+fátylasodik
2	el+érzéstelenedik
2	el+érzéktelenedik
2	el+érvénytelenedik
2	el+elegyedik
2	elé+kerekedik
2	el+dudvásodik
2	el+divatosodik
2	el+csótányosodik
2	el+csoportosul
2	el+csipásodik
2	el+butikosodik
2	el+bátorodik
2	el+ásványosodik
2	el+asszonyosodik
2	el+apácásodik
2	el+amerikásodik
2	egyterűsödik
2	egyetemesedik
2	egyenjogúsodik
2	egyenesül
2	egybe+kutyul
2	egybe+kerekedik
2	egybe+csomósodik
2	éberedik
2	dolomitosodik
2	dobásodik
2	divatosodik
2	diadalmasodik
2	darásodik
2	darabosodik
2	dallamosodik
2	csöcsösödik
2	csíkosodik
2	családiasodik
2	cirmosodik
2	cipszerül
2	cementesedik
2	célszerűsödik
2	cégesedik
2	bütykösödik
2	bunkósodik
2	buggyosodik
2	büdösül
2	buddhásodik
2	brummosodik
2	bronzosodik
2	breccsásodik
2	bővült-bővül
2	bonyolultul
2	boltosul
2	boltosodik
2	bölcsebbedik
2	bojtosodik
2	bogyósodik
2	be+zúzmarásodik
2	be+visszhangosodik
2	be+varasodik
2	be+tollasodik
2	be+tetvesedik
2	betegszik
2	be+sziruposodik
2	be+szagosodik
2	be+sokasodik
2	be+sarasodik
2	be+rútul
2	be+rasztásodik
2	be+pusztul
2	be+pudvásodik
2	be+piszkosodik
2	be+pipásodik
2	be+párosodik
2	be+opálosodik
2	be+nyálkásodik
2	benn+erősödik
2	be+mordul
2	be+morcul
2	be+molyosodik
2	be+melegül
2	be+macskásodik
2	belterjesedik
2	bele+vékonyul
2	be+levegősödik
2	bele+tokosodik
2	bele+szépül
2	bele+szelídül
2	bele+siketül
2	bele+satnyul
2	bele+rútul
2	bele+részegül
2	bele+puhul
2	bele+nősül
2	bele+merevül
2	bele+lustul
2	bele+laposodik
2	bele+lágyul
2	bele+kukul
2	bele+könnyesedik
2	bele+kocsonyásodik
2	bele+kérgesedik
2	bele+ízesül
2	bele+ikrásodik
2	bele+hidegül
2	bele+gyengül
2	bele+forrósodik
2	bele+fakul
2	be+lágyul
2	be+kukul
2	be+készülődik
2	be+kanosodik
2	be+jegesedik
2	be+ittasodik
2	be+honosodik
2	be+házasul
2	be+házasodik-elvegyül
2	be+hangosodik
2	be+gyomosodik
2	be+gazosodik
2	be+foltosul
2	be+fásodik
2	be+egyesül
2	be+drappul
2	be+drágul
2	be+csúcsosodik
2	be+csendesedik
2	be+buborékosodik
2	be+betegedik
2	be+békanyálasodik
2	be+ballonosodik
2	bázispárosodik
2	barokkosodik
2	barkásodik
2	balfaszul
2	bábásodik
2	át+vizesül
2	át+világosodik
2	át+valószerűsödik
2	át+tisztul
2	át+szakosodik
2	át+részesül
2	át+párásodik
2	át+magyarosodik
2	atkásodik
2	át+halványul
2	át+gyengül
2	át+görögödik
2	át+gazdagodik
2	át+fehéredik
2	asztmásodik
2	asszonyosodik
2	áriásodik
2	aránytalanodik
2	aranyosodik
2	aprósodik
2	által+valósul
2	által+érvényesül
2	állatodik
2	államosodik
2	alá+szabadul
2	alá+melegedik
2	alá+halványodik
2	alá+görbül
2	akadékosodik
2	agyon+sebesül
2	agyon+rozsdásodik
2	agyon+pusztul
2	agyon+készül
2	agancsosodik
2	abba+vakul
1	zuzmósodik
1	zsizsikesedik
1	zsírtalanodik
1	zsírosodik-gazdagodik
1	-zsírosodik
1	zsidósodik
1	zsémbesedik
1	zselléresedik
1	zöldült-lilul
1	zöldeskékül
1	zöldesedik
1	zátonyosodik
1	zászlósodik
1	zanzásodik
1	zakarosodik
1	windowsosodik
1	weimarosodik
1	vonzásodik
1	vizigótul
1	vízfejesedik
1	vizesedett-világosodik
1	visszeresedik
1	vissza+zsírosodik
1	vissza+zselésedik
1	vissza+vizesedik
1	vissza+vékonyul
1	vissza+vastagodik
1	vissza+túrósodik
1	vissza+törökösödik
1	vissza+tollasodik
1	vissza+testesül
1	vissza+természetiesedik
1	vissza+termékenyedik
1	vissza+talajosodik
1	vissza+szüzesedik
1	vissza+szőrösödik
1	vissza+szlovénesedik
1	vissza+színesedik
1	vissza+szervesül
1	vissza+sötétül
1	vissza+rózsaszínűsödik
1	vissza+románosodik
1	vissza+rendőrösödik
1	vissza+rendezetlenedik
1	vissza+régiesül
1	vissza+ráncosodik
1	vissza+púposodik
1	vissza+pólósodik
1	vissza+polgárosodik
1	vissza+párosodik
1	vissza+párásodik
1	vissza+özvegyül
1	vissza+őszül
1	vissza+ősemberesedik
1	vissza+nőiesedik
1	vissza+névtelenedik
1	vissza+népesül
1	vissza+nehezedik
1	vissza+nagymamásodik
1	vissza+morcul
1	vissza+mocsarasodik
1	vissza+melegszik
1	vissza+lustul
1	vissza+lombosodik
1	vissza+létesül
1	vissza+lelencesedik
1	vissza+lazul
1	vissza+kutyul
1	vissza+kosztolányisodik
1	vissza+korcsosul
1	vissza+komorodik
1	vissza+kiskorúsodik
1	vissza+kezesedik
1	vissza+kergül
1	vissza+kénytelenedik
1	vissza+károsodik
1	vissza+kanalasodik
1	vissza+józanodik
1	vissza+jámborodik
1	vissza+impressziósodik
1	vissza+honosul
1	vissza+hidegül
1	vissza+gyepesedik
1	vissza+függetlenedik
1	vissza+forradalmasodik
1	vissza+férfiasodik
1	vissza+ferdül
1	vissza+elegyedik
1	vissza+egyszerűsödik
1	vissza+egyenesül
1	vissza+édesedik
1	vissza+dúsul
1	vissza+durvul
1	vissza+dublőrösödik
1	vissza+divatosodik
1	vissza+dámásodik
1	vissza+csupaszodik
1	vissza+csúnyul
1	vissza+csöndesedik
1	vissza+csomósodik
1	vissza+csökevényesedik
1	vissza+csecsemősül
1	vissza+csecsemősödik
1	vissza+brendásodik
1	vissza+bővül
1	vissza+bizonyul
1	vissza+bambul
1	vissza+adósodik
1	világzenésedik
1	vidorodik
1	viaszosodik
1	veszélyesedik
1	vesekárosodik
1	versesül
1	vérmesedik
1	vehemensül
1	végre+valósul
1	végre+üdül
1	végre+önállósodik
1	végre+nehezedik
1	végre+mordul
1	végre+módosul
1	végre+kerekedik
1	végre+igazodik
1	végre+érvényesül
1	végre+enyhül
1	végre+elegyedik
1	végre+bizonyul
1	végig+sebesül
1	végig+pusztul
1	végig+kockásodik
1	végig+hülyül
1	végig+búsul
1	végig+bölcsül
1	végig+bambul
1	vastagul
1	vastagbőrűsödik
1	varosodik
1	vár-készül
1	varjúsodik
1	varázstalanodik
1	van-készül
1	vályogosodik
1	vallásosodik
1	vakul-káprázik
1	-vakul
1	vakotásodik
1	vakkan-mordul
1	vágyódásodik
1	vadul-bolondul
1	vacakodik
1	útrakészül
1	utol+sósul
1	utol+épül
1	utána+vakul
1	utána+vadul
1	utána+részesül
1	utána+önállósodik
1	utána+mordul
1	utána+melegedik
1	utána+komolyodik
1	utána+igazodik
1	utána+gyökeresedik
1	utána+épül
1	utána+csábul
1	utána+bővül
1	utána+bolondul
1	utána+barnul
1	utálatosodik
1	üstösödik
1	unixosodik
1	uniósodik
1	üllősödik
1	ülepedett-posványosodik
1	üledékesedik
1	újságárusodik
1	újra+tüzesedik
1	újra+tömörül
1	újra+színesedik
1	újra+szelídül
1	újra+polgárosul
1	újra+párosodik
1	újra+módosul
1	újra+létesül
1	újra+frissül
1	újra+foltosodik
1	újra+fiatalodik
1	újra+erdősül
1	újra+élesedik
1	újra+csoportosul
1	újjá+szépül
1	TV2-södik
1	tűzgyökeresedik
1	turbósodik
1	tünetesedik
1	túl+zsírosodik
1	túl+zordul
1	túl+vénül
1	túl+teljesedik
1	túl+szilárdul
1	túl+szaporul
1	túl+szakosodik
1	túl+szabadul
1	túl+savasodik
1	túl+ritkul
1	túl+pusztul
1	túl+pártosodik
1	túl+párásodik
1	túl+merevedik
1	túl+magasodik
1	túl+kerekedik
1	túl+izmosodik
1	túl+intézményesül
1	túl+igazodik
1	túl+hatalmasodik
1	túl+gyengül
1	túl+gépiesedik
1	túl+gépesedik
1	túl+frissül
1	túl+fiatalodik
1	túl+fehéredik
1	túl+épül
1	túl+édesül
1	túl+drágul
1	túl+bizonytalanodik
1	tulajdonosodik
1	tulajdonnevesül
1	tudósodik
1	tudattalanodik
1	trutyisodik
1	trükkösödik
1	trottyosodik
1	tova+szőkül
1	tova+halkul
1	tovább+vékonyul
1	tovább+vakul
1	tovább+üszkösödik
1	tovább+újul
1	tovább+üdül
1	tovább+tökéletesedik
1	tovább+testesül
1	tovább+teljesedik
1	tovább+szürkül
1	tovább+szórványosodik
1	tovább+szervesedik
1	tovább+szakosodik
1	tovább+súlyosodik
1	tovább+sötétedik
1	tovább+rozsdásodik
1	tovább+polgárosodik
1	tovább+piacosodik
1	tovább+olcsóbbodik
1	tovább+nyurgul
1	tovább+nemesedik
1	tovább+nedvesedik
1	tovább+lassúbbodik
1	tovább+kutyul
1	tovább+kristályosodik
1	tovább+korszerűsödik
1	tovább+kopaszodik
1	tovább+kerekedik
1	tovább+hülyül
1	tovább+hosszabbodik
1	tovább+hasznosul
1	tovább+halványul
1	tovább+görbül
1	tovább+gennyesedik
1	tovább+ésszerűsödik
1	tovább+értéktelenedik
1	tovább+dánul
1	tovább+csonkul
1	tovább+csendesedik
1	tovább+butul
1	tovább+bolondul
1	tovább+bizonytalanodik
1	tovább+bambul
1	tovább+adósodik
1	torzul-torzít
1	töröködik
1	törmelékesedik
1	topánkásodik
1	tönkre+pusztul
1	tönkre+magányosodik
1	tolvajodik
1	töltőtollasodik
1	tokosul
1	töketlenedik
1	tökéletlenedik
1	tökélestesedik
1	tócsásodik
1	többül
1	többlet-tollasodik
1	titoktalanodik
1	thrilleresedik
1	tévésedik
1	tevékenyedik
1	tétlenedik
1	testvéresedik
1	térségesedik
1	termő-virágosodik
1	térképesedik
1	terjengősödik
1	terhesül
1	térdesedik
1	teljül
1	telik-teljesedik
1	téliesedik
1	teléresedik
1	teknősbékásodik
1	tekereg-torzul
1	tejesedik
1	tehermentesedik
1	teher-mentesedik
1	téglásodik
1	téeszesedik
1	tavasziasodik
1	társadalmiatlanodik
1	társadalmiasodik
1	tárgyiasodik
1	tárgyasodik
1	tarajosodik
1	tarackosodik
1	taplósodik
1	támad-kerekedik
1	tahósodik
1	tágul-zárul
1	tágult-szűkül
1	tágul-terebélyesedik
1	tágult-ás
1	tágulódik
1	tagosodik
1	tágasodik
1	szutykosodik
1	szulfátosodik
1	szülésedik
1	szűkül-szűkül
1	sztyeppesedik
1	sztatikusodik
1	sztárosodik
1	-szövetesedik
1	szövegesedik
1	szószátyárul
1	szórakozik-okosodik
1	szolgálatiasodik
1	szögesedik
1	szlengül
1	szlengesedik
1	szlávosodik
1	szívizomkárosodik
1	sziruposodik
1	szirmosodik
1	színeződött-gazdagodik
1	Szin-esedik
1	szilvakékül
1	szilánkosodik
1	szíjasodik
1	szigorúsodik
1	szideritesedik
1	szét+üszkösödik
1	szét+tágul-tovarohan
1	szét+szépül
1	szét+simul
1	szét+puhul
1	szét+párnásodik
1	szét+pálmásodik
1	szét+melegedik
1	szét+magasodik
1	szét+lombosodik
1	szét+liliomosodik
1	szét+lelkesedik
1	szét+különül
1	szét+kapusodik
1	szét+hülyül
1	szét+gyökeresedik
1	szét+görbül
1	szét+göndörödik
1	szét+folyósodik
1	szét+erősödik
1	szét+enyhül
1	szét+csomótlanodik
1	szeszélyesedik
1	szerpentinesedik
1	szerencsétlenül
1	szerencsésedik
1	szerelemházasodik
1	szerelemesedik
1	szerbtelenedik
1	szépült-csinosodik
1	szépült-bővül
1	szépül-épül
1	szeplősödik
1	széplelkesül
1	szénsavasodik
1	szennyesül
1	szenesül
1	szemüvegesedik
1	szembe+részesül
1	szemben+szeplősödik
1	szemben+részesedik
1	szemben+módosul
1	szemben+mocsarasodik
1	szemben+létesül
1	szemben+hasznosul
1	szemben+érvényesül
1	szembe+közösül
1	szembe+kerekedik
1	szembe+erősödik
1	szellemképesedik
1	szellemiesül
1	szélkárosodik
1	szelídedik
1	szelektál-igazodik
1	szégyenlősödik
1	szedresedik
1	szecessziósodik
1	szavannásodik
1	szarkalábasodik
1	szárítkozik-melegedik
1	szárazföldiesedik
1	szappanosodik
1	szappanoperásodik
1	szamarodik
1	szamárfülesedik
1	szállóigésül
1	szakszervezetiesedik
1	szakszerűsödik
1	szakososodik
1	-szakosodik
1	szakmásodik
1	szakirányosodik
1	szabadidő-autósodik
1	súg-fodrosodik
1	sugarasodik
1	sudárul
1	struccosodik
1	soványul
1	sósodik
1	sorozatosodik
1	sörösödik
1	sörényesedik
1	somosodik
1	sokszínűsödik
1	slamposodik
1	sírkövesedik
1	sikertelenedik
1	sétálóutcásodik
1	sertésedik
1	semlegesedik
1	sekélyedik
1	sejtelmesedik
1	scriptesedik
1	sávosodik
1	sárgul-kékül
1	sarasodik
1	sablonosodik
1	rútult-szaglik
1	rutinosodik
1	rügyesedik
1	rózsaszínesedik
1	rosszul-esik
1	ropogósodik
1	rómaiasodik
1	rockeresedik
1	RMDSZ-esedik
1	rizómásodik
1	rezidensedik
1	résesedik
1	rendszeresül
1	rendesedik
1	reménytelenedik
1	régiesedik
1	realosodik
1	rá+zsebesül
1	ravaszodik
1	rá+tudatosul
1	rá+tornyosodik
1	rá+tömörödik
1	rá+tágul
1	rá+szenesedik
1	rá+szálkásodik
1	rá+szakosodik
1	rá+setétül
1	rá+sárgul
1	rá+ráncosodik
1	rá+pusztul
1	rá+öregedik
1	ráncosodik-repedezik
1	rá+mohásodik
1	rá+merevül
1	rá+melegszik
1	rá+lelkesül
1	rá+lazul
1	rá+kutyul
1	rá+kristályosul
1	rá+kövesül
1	rá+konyul
1	rá+kocsonyásodik
1	rá+kérgesedik
1	rá+kénytelenedik
1	rá+kékül
1	rá+jogosul
1	rá+jegesedik
1	rá+hatalmasodik
1	ragyogósodik
1	ragyásodik
1	rá+frissül
1	rá+forrósodik
1	rá+feketedik
1	rá+fehéredik
1	rá+érvényesül
1	rá+érdemesül
1	rá+enyhül
1	rá+diótulajdonosodik
1	rá+csomósodik
1	rá+bőszül
1	rá+barnul
1	püspökösödik
1	pudingosodik
1	pucérul
1	publicul
1	proletárosodik
1	profisodik
1	principálisodik
1	primitívesül
1	posztmodernesedik
1	portalanodik
1	porosul
1	porosodik-porlad
1	polgáriasul
1	pohosul
1	pogányodik
1	pöffösödik
1	pofátlanodik
1	plázásodik
1	pirul-kékül
1	pirókodik
1	pingvinesedik
1	pimaszodik
1	pillésedik
1	pihésedik-foszladozik
1	picinyedik
1	pestiesedik
1	perverzedik
1	pernyésedik
1	pendült-telt-teljesedik
1	pedánsul
1	pazarul
1	partosodik
1	parlagiasodik
1	parasztosodik
1	paprikásodik
1	pántosodik
1	páncélosodik
1	pajkosodik
1	páfrányosodik
1	pacsirtásodik
1	özvegyedik
1	ott+világosodik
1	ott+vastagodik
1	ott+tudatosodik
1	ott+tisztul
1	ott+teljesül
1	ott+teljesedik
1	ott+tejesedik
1	ott+tágul
1	ott+szürkül
1	ott+szélesedik
1	ott+sokasodik
1	ott+sárgul
1	ott+rosszabbodik
1	ott+ritkul
1	ott+puhul
1	ott+pörösödik
1	ott+piacosodik
1	ott+nehezül
1	ott+nehezedik
1	ott+módosul
1	ott+mentesül
1	ott+melegül
1	ott+kukul
1	ott+kopaszodik
1	ott+kékül
1	ott+ízesül
1	ott+iszaposodik
1	ott+hűvösödik
1	ott+hűsül
1	ott+hülyül
1	otthoniasodik
1	ott+gyorsul
1	ott+gazdagodik
1	ott+frissül
1	ott+fakul
1	ott+enyhül
1	ott+elegyedik
1	ott+egyesül
1	ott+drágul
1	ott+csontosul
1	ott+csomósodik
1	ott+butul
1	ott+búsul
1	ott+bővül
1	ott+bodorodik
1	ott+bizonyosodik
1	osztrákodik
1	ószászul
1	összpontosodik
1	össze+zordul
1	össze+zanzásodik
1	össze+vegyesedik
1	össze+túrósodik
1	össze+törpül
1	össze+tágul
1	össze+szűrűsödik
1	össze+szúcsosodik
1	össze+szöszösödik
1	össze+szálkásodik
1	összesűrösödik
1	össze+rokonul
1	össze+magyarodik
1	össze+kondorodik
1	össze+kocsonyásodik
1	össze+keskenyül
1	össze+kékül
1	össze+ízesül
1	össze+ismerkedik-házasodik
1	össze+hülyül
1	össze+házasosodik
1	össze+hazásodik
1	össze+haragosodik
1	össze+gyűrűsödik
1	össze+göndörödik
1	össze+forrósodik
1	össze+feketedik
1	össze+fásodik
1	össze+elegyül
1	össze+egyesül
1	össze+dunyhásodik
1	össze+drágul
1	össze+csúcsosodik
1	össze+csöndesül
1	össze+cseppkövesedik
1	össze+bátorodik
1	össze+barnul
1	össze+áll-csomósodik
1	orvosul
1	orvosismerősödik
1	örömittasul
1	öröködik
1	óriásodik
1	öregül
1	öregszik-fiatalodik
1	öregesedik
1	orbánosodik
1	önállótlanodik
1	oltáskárosodik
1	oláhosodik
1	okosul
1	öklösödik
1	óírül
1	offtopicodik
1	oda+varasodik
1	oda+tornyosul
1	oda+tömörödik
1	oda+tömbösödik
1	oda+tokosodik
1	oda+szürkül
1	oda+szervesül
1	oda+szabadul
1	oda+sötétül
1	oda+öregedik
1	oda+nehezedik
1	oda+mohásodik
1	oda+másul
1	oda+központosul
1	oda+kozmásodik
1	oda+konyul
1	oda+keményedik
1	oda+honosul
1	oda+hasznosul
1	oda+gyengül
1	oda+gyantásodik
1	oda+erősödik
1	oda+elevenedik
1	oda+elegyedik
1	oda+édesedik
1	oda+bizonyul
1	oda+barátságosodik
1	oda+alacsonyodik
1	nyúlósodik
1	nyúlik-tágul
1	nyúlik-kerekedik
1	nyúl-hosszabbodik
1	nyúlánkodik
1	nyűgösödik
1	nyugalmasodik
1	nyomósodik
1	nyomatéktalanodik
1	nyilvánosul
1	nyelvesül
1	nyákosodik
1	nyájasodik
1	nívótlanodik
1	nitrátosodik
1	névtelenedik
1	névrokonodik
1	nettósodik
1	netesedik
1	néppártosodik
1	nemzetlenedik
1	nemzetiesedik
1	nemtörődömül
1	nem-társadalmiasodik
1	németesedik
1	neki+zsírosodik
1	neki+testesedik
1	neki+terebélyesedik
1	neki+szerelmesedik
1	neki+szemtelenedik
1	neki+pávásodik
1	neki+kékül
1	neki+húsosodik
1	neki+görbül
1	neki+fényesül
1	neki+erősödik
1	neki+csökönyösödik
1	neki+csinosodik
1	neki+bolondul
1	neki+bokrosodik
1	neki+bodorodik
1	neki+bikásodik
1	nehéziparosodik
1	-nehezedik
1	négyzetrácsosodik
1	négyszeműsödik
1	napilaposodik
1	nagyul
1	nagyosodik
1	nagylányosodik
1	művészietlenedik
1	művésziesedik
1	muszájul
1	muslincásodik
1	murvásodik
1	munkabírásodik
1	multisodik
1	multiplatformosodik
1	muhisodik
1	mozzanatosodik
1	mozgósodik
1	mordul-kordul
1	-mordul
1	morcosodik
1	morbidul
1	mitológiásul
1	mindennapiasul
1	mindenhatósodik
1	milliárdosodik
1	mikroblokkosodik
1	mikolátlanodik
1	MIÉP-esedik
1	mérgesül
1	meredekül
1	mentesedik
1	mémesedik
1	mélyül-mélyül
1	méltóságosodik
1	mellé+vénül
1	mellé+teljesül
1	mellé+oszloposodik
1	mellé+feketül
1	mellé+erősödik
1	mellé+csoportosul
1	mellé+bizonyul
1	mélabúsul
1	meg+zselésedik
1	meg+zömökül
1	meg+zöldült-feketedik
1	meg+zárlatosodik
1	meg+zákányosodik
1	meg+zabosodik
1	meg+vizenyősödik
1	meg+vilásodik
1	meg+vérmesedik
1	meg+veresedik
1	meg+vékonyul
1	meg+véglegesedik
1	meg+vastagul
1	meg+varangyosodik
1	meg+valótlanul
1	meg+valósodik
1	meg+vakotásodik
1	meg+újul-megtáltosodik
1	meg+újul-kicserélődik
1	meg+udvariasodik
1	meg+tulajdonosodik
1	meg+tudatosodik
1	meg+tücskösödik
1	meg+tokásodik
1	meg+többszörösödik
1	meg+tisztul-megszépül
1	meg+termékenyedik
1	meg+térdesedik
1	meg+tekintélyesedik
1	meg+tátosodik
1	meg+tárgyiasul
1	meg+taplósodik
1	meg+szotykosodik
1	meg+szótlanodik
1	meg+szomorkásodik
1	meg+szolidul
1	meg+szögletesedik
1	meg+szocialistásodik
1	meg+szociálisodik
1	meg+szívélyesül
1	meg+szittyósodik
1	meg+szirmosodik
1	meg+színtelenedik
1	meg+szilárdul-kialakul
1	meg+szilajul
1	meg+szerényedik
1	meg+szentségtelenedik
1	meg+szentesül
1	meg+szelésedik
1	meg+szederjesedik
1	meg+százszorosodik
1	meg+szarusodik
1	meg+szarul
1	meg+szárnyasodik
1	meg+szaporul
1	meg+svédül
1	meg+sutul
1	meg+súlyosul
1	meg+süketedik
1	meg+sörösüvegesedik
1	meg+sokszorosul
1	meg+síkul
1	meg+síkosodik
1	meg+siketedik
1	meg+selymesedik
1	meg+selmásodik
1	meg+sávosodik
1	meg+savósodik
1	meg+rühösödik
1	meg+rózsásodik
1	meg+rövidül-hosszabbodik
1	meg+rosszul
1	meg+ripacsosodik
1	meg+ridegedik
1	meg+rendesedik
1	meg+regényesül
1	meg+rajzfilmesedik
1	meg+rácosul
1	meg+puklisodik
1	meg+pöttyösödik
1	meg+potrohosodik
1	meg+polgárosodik
1	meg+pirosul
1	meg+pemetésedik
1	meg+páncélosodik
1	meg+özvegyedik
1	meg+óvatosodik
1	meg+ótvarosodik
1	meg+orbánosodik
1	meg+opálosodik
1	meg+ölesedik
1	meg+oláhosodik
1	meg+odvasodik
1	meg+nyűgösödik
1	meg+nyilasul
1	meg+nyájasodik
1	meg+nő-megszépül
1	meg+nevesedik
1	meg+négyszeresedik
1	meg+négerül
1	meg+nagyságosodik
1	meg+mozgalmasodik
1	meg+mirigyesedik
1	meg+milliomososodik
1	meg+mezősödik
1	meg+mételyesedik
1	meg+metálosodik
1	meg+merősödik
1	meg+melegül
1	meg+mattul
1	meg+mátkásodik
1	meg+márványosodik
1	meg+mangalicásodik
1	meg+málhásodik
1	meg+makrancosodik
1	meg+magyarul
1	meg+magvasodik
1	meg+lúgosodik
1	meg+lúdbőrösödik
1	meg+lötyögősödik
1	meg+lőrincesedik
1	meg+lomposodik
1	meg+loboncosodik
1	meg+levesesedik
1	meg+légiesedik
1	meg+legényesedik
1	meg+lányosodik
1	meg+langyosul
1	meg+lámpásodik
1	meg+központosul
1	meg+közhelyesedik
1	meg+középutasodik
1	meg+kovásodik
1	meg+kotlósodik
1	meg+kopárodik
1	meg+könyökösödik
1	meg+könnyesül
1	meg+költeményesül
1	meg+klasszul
1	meg+kismacskásodik
1	meg+kisebbül
1	meg+kicsinyedik
1	meg+kevesebbedik
1	meg+kékül-zöldül
1	meg+kecsesedik
1	meg+katonásodik
1	meg+karikásodik
1	meg+juhászosodik
1	meg+jelent-elkészül
1	meg+jámborul
1	meg+intézményesül
1	meg+igényesül
1	meg+hurkásodik
1	meg+hupikékül
1	meg+hőzöngősödik
1	meg+hórihorgasodik
1	meg+homokművészesedik
1	meg+hitelesedik
1	meg+hisztisedik
1	meg+hideglelősödik
1	meg+hevenyül
1	meg+hazásodik
1	meg+hátrányosodik
1	meg+harmonikásodik
1	meg+harcosodik
1	meg+harciasul
1	meg+hamusodik
1	meg+hályogosodik
1	meg+haloványul
1	meg+haloványodik
1	meg+halhatatlanul
1	meg+gyűrűsödik
1	meg+gyökösödik
1	meg+gyertyásodik
1	meg+gurusodik
1	meg+göröngyösödik
1	meg+göndörödik
1	meg+golyvásodik
1	meg+gödrösödik
1	meg+gazosodik
1	meg+gazdagul
1	meg+fogasodik
1	meg+fideszesedik
1	meg+fickósodik
1	meg+fiatalodott-átalakul
1	meg+fészkesedik
1	meg+fanyarodik
1	meg+ezerszeresedik
1	meg+evesedik
1	meg+európaiasodik
1	meg+eszesedik
1	meg+értéktelenedik
1	meg+erőtlenül
1	meg+eretnekesedik
1	meg+erdősül
1	meg+ércesedik
1	meg+épül-szépül
1	meg+épül-kiépül
1	meg+enyvesedik
1	meg+életvidámodik
1	meg+ékesül
1	meg+ékesedik
1	meg+ekcémásodik
1	meg+egészül
1	meg+ecetesül
1	meg+éberedik
1	meg+dúsul
1	meg+duhajodik
1	meg+délibábosodik
1	meg+darazsasodik
1	meg+darabosodik
1	meg+dánul
1	meg+daliásodik
1	meg+dadogósodik
1	meg+csontritkulásosodik
1	meg+csirizesedik
1	meg+csípősödik
1	meg+csipkésedik
1	meg+csipásodik
1	meg+cseresedik
1	meg+cserepesedik
1	meg+cseppfolyósodik
1	meg+csapágyasodik
1	meg+csámpásodik
1	meg+csábul
1	meg+cövekesedik
1	meg+cicisedik
1	meg+chipesedik
1	meg+cementesedik
1	meg+burkosodik
1	meg+bundásodik
1	meg+boldogtalanodik
1	meg+blankásodik
1	meg+bizonytalanodik
1	meg+betegszelesedik
1	meg+beszédesedik
1	meg+bercisedik
1	meg+barikádosodik
1	meg+bajszosodik
1	meg+babosodik
1	meg+avasodott-megbüdösödik
1	meg+atkásodik
1	meg+árnyékosodik
1	meg+árkosodik
1	meg+aranyosodik
1	meg+anyásodik
1	meg+állhatatosul
1	meg+aggul
1	meg+aggódásodik
1	medvésedik
1	médül
1	mediterránul
1	MDF-esedik
1	mátlanodik
1	mátkásodik
1	másododik
1	másikodik
1	margarinosodik
1	manikűrösödik
1	makrancosodik
1	makacsodik
1	magyarul-külföldiül
1	M-agyarosodik
1	magyar-lágyul
1	magfejesedik
1	magasodik-magasztosul
1	magaslatiasodik
1	magánosodik
1	lyukacsosodik
1	lukacsosodik
1	l-rosszul
1	löttyösödik
1	lombosul
1	lisztesedik
1	linkesedik
1	lilul-zöldül
1	likasodik
1	ligatúrásodik
1	liberálisodik
1	libásodik
1	libabőrösödik
1	le+vizesedik
1	le+vírusosodik
1	le+vénül
1	le+varasodik
1	le+üdül
1	létre+nehezedik
1	létre+érvényesül
1	le+tornyosul
1	le+tömörül
1	le+tetvesedik
1	le+taknyosodik
1	le+tágul
1	le+szerelmesedik
1	le+szépül
1	le+sötétedik
1	le+rongyosodik
1	le+részesül
1	le+ráncosodik
1	le+pucérodik
1	leprásodik
1	le+porosodik
1	le+pókosodik
1	le+pirosodik
1	lépesedik
1	le+pertusodik
1	le+pártosul
1	le+őszül
1	le+olajosodik
1	le+okkultistásodik
1	le+nyirkosodik
1	le+nősül
1	le+nehezül
1	le+nehezedik
1	lemma
1	le+mérgesedik
1	le+merevül
1	le+melegedik
1	le+lustul
1	lelkesedik-szorong
1	-lelkesedik
1	le+lilul
1	le+levegősödik
1	le+leprásodik
1	le+láztalanodik
1	lekvárosodik
1	le+kutyul
1	le+kristályosodik
1	le+közösül
1	le+kozmásodik
1	le+kormosodik
1	le+kocsonyásodik
1	le+kicsinyedik
1	le+készülődik
1	le+karcsúsodik
1	le+hűvösödik
1	le+hízik-soványodik
1	le+hidegül
1	le+gyorsul-lassul
1	-legyesedik
1	legyesedik
1	le+gyávul
1	le+göndörül
1	légneműsödik
1	legendásodik
1	le+gallul
1	le+finomul
1	le+fiatalodik
1	le+-fehéredik
1	le+esősödik
1	le+érvényesül
1	le+erősödik
1	le+elevenedik
1	le+durvul
1	le+deresedik
1	le+csupaszul
1	le+csorbul
1	le+cserepesedik
1	le+csecsemősödik
1	lécesedik
1	le+boldogul
1	le+bodorodik
1	lebernyegesedik
1	le+álmosodik
1	le+állatosodik
1	le+állatiasul
1	le+állatiasodik
1	le+állandósul
1	le+algásodik
1	le+adósodik
1	latyakosodik
1	látszatosodik
1	latinosul
1	latinosodik
1	látáskárosodik
1	lassult-gyorsul
1	lassúdadul
1	laposul
1	lángosodik
1	lábasodik
1	küszöbösödik
1	kurucinfósodik
1	külvárosiasodik
1	külön+részesül
1	küllősödik
1	kulákosodik
1	krosszosodik
1	kreolodik
1	közzé+tökéletesedik
1	közzé+kutyul
1	közzé+erősödik
1	közzé+általánosodik
1	közvetlenül
1	közönségesedik
1	közömbösödik
1	köznevesedik
1	kozmopolitásodik
1	közmondásodik
1	kozmásodik
1	közé+tornyosul
1	kőzetesedik
1	középszerűsödik
1	közé+nehezedik
1	közeledik-simul
1	közben+melegedik
1	közben+készül
1	közben+gazdagodik
1	közben+épül
1	közben+enyhül
1	közben+egyesül
1	kövértelenedik
1	kovásodik
1	kótyagosodik
1	kötvényesedik
1	kötőszövetesedik
1	koszmósodik
1	körül+vastagodik
1	körül+tüzesedik
1	körül+tornyosodik
1	körül+tökéletesedik
1	körül+tisztul
1	körül+szürkül
1	körül+szagosodik
1	körül+szabadul
1	körül+sötétedik
1	körül+pusztul
1	körül+lazul
1	körül+kukul
1	körül+fényesedik
1	körül+egyesül
1	körül+ecetesedik
1	körül+bokrosodik
1	korruptul
1	körösödik
1	kórósodik
1	körmösödik
1	korlátosul
1	körbe+némul
1	korallosodik
1	konzolosodik
1	konyhafőnökösödik
1	konkávul
1	kondisodik
1	komondorosodik
1	komolyul
1	komfortosodik
1	kólásodik
1	köhögősödik
1	kofásodik
1	klipesedik
1	ki+zöldült-vidul
1	ki+zápul
1	kívül+melegedik
1	kívül+csinosodik
1	ki+vizesedik
1	ki+vitézedik
1	ki+viaszosodik
1	ki+véresedik
1	ki+üvegesedik
1	ki+ünnepélyesedik
1	ki+tüskésedik
1	ki+tornyosul
1	ki+tölcséresedik
1	ki+tetősödik
1	ki+teresedik
1	ki+tenyeresedik
1	ki+teknősödik
1	ki+tarul
1	ki+tarjagosodik
1	ki+tarajosodik
1	ki+tajtékosodik
1	ki-tágul
1	ki+szűkül
1	ki+szorosodik
1	ki+szopósodik
1	ki+szivárványosodik
1	ki+színesül
1	ki+szinesedik
1	ki+szikkadt-kiüresedik
1	ki+svédül
1	kiskorúsodik
1	ki+síkosodik
1	ki+sérvesedik
1	ki+semmisül
1	ki+sarlósodik
1	ki+sántul
1	ki+rózsásodik
1	ki+rongyosodik
1	ki+rezesedik
1	ki+részegedik
1	ki+pöttyösödik
1	ki+perselyesedik
1	ki+penészesedik
1	ki+peckesedik
1	ki+párnásodik
1	ki+párásodik
1	ki+népesedik
1	ki+némul
1	ki+nemesedik
1	ki+nehezedik
1	ki+náthásul
1	ki+mellesedik
1	ki+mattul
1	ki+mámorosodik
1	ki+magasztosul
1	ki+magasul
1	ki+lyukasodik
1	ki+lilult-pirosodik
1	ki+laposodik
1	ki+kurdul
1	ki+különül
1	ki+kráteresedik
1	ki+közül
1	ki+koszosodik
1	ki+korcsosodik
1	ki+könyvesedik
1	ki+komorul
1	ki+komorodik
1	ki+kockásodik
1	ki+kérgesül
1	ki+kerekedett-kiteljesedik
1	ki+kancsalodik
1	ki+kampósodik
1	ki+idősödik
1	ki+hűsül
1	ki+húsosodik
1	ki+hülyül
1	ki+hullámosodik
1	ki+homályosul
1	ki+hidegül
1	ki+hasznosulására-derül
1	ki+gyöpösödik
1	ki+gyomosodik
1	ki+gyepesedik
1	ki+gömbösödik
1	ki+golyósodik
1	ki+göbösödik
1	ki+gennyesedik
1	ki+gázosodik
1	ki+gazosodik
1	ki+gazdagul
1	ki+függetlenedik
1	kifogástalanul
1	ki+férfiasodik
1	ki+ferdül
1	ki+feketül
1	ki+észtül
1	ki+eresedik
1	ki+épült-átépül
1	ki+emlősödik
1	ki+eminensül
1	ki+elevenül
1	ki+élénkül
1	ki+egyszerűsödik
1	ki+egyértelműsödik
1	ki+deltásodik
1	ki+dárdásodik
1	ki+dagályosodik
1	ki+cukrosodik
1	ki+csúcsosul
1	ki+csöndesül
1	ki+csokrosodik
1	ki+csillagosodik
1	ki+cserjésedik
1	ki+csendesedik
1	ki+csatakosodik
1	ki+csábul
1	ki+cakkosodik
1	ki+cafrangosodik
1	ki+bütykösödik
1	ki+búsul
1	ki+boltosodik
1	ki+bizonyosodik
1	ki+bátorodik
1	ki+barkásodik
1	ki+bajszosodik
1	ki+általánosodik
1	ki+aljasul
1	ki-albínósodik
1	ki+alacsonyodik
1	ki+adósodik
1	ki+adásodik
1	kévésedik
1	kevésedik
1	keveredik-házasodik
1	kevélyül
1	kevélyedik
1	készült-készül
1	készülőzik
1	készülőz
1	készül-épül
1	készül-alakul
1	-készül
1	keserű-vadul
1	kerül-gazdagodik
1	kertesedik
1	keresztül+valósul
1	keresztül+részesül
1	kerekedik-gazdagodik
1	kerekedik-bontakozik
1	kérdezősödik
1	kényszerházasodik
1	keletiesedik
1	keletesedik
1	kékült-sötétül
1	kehesedik
1	kegyesedik
1	kedvetlenedik
1	kecsesedik
1	kaszásodik
1	kartellesedik
1	kartelesedik
1	kárososodik
1	karikásodik
1	kardosodik
1	karamellesedik
1	karakteresedik
1	karacsájul
1	kapatosodik
1	kalaposodik
1	kajakosodik
1	kagylósodik
1	kádasodik
1	jugoszlávul
1	jóhiszeműsödik
1	jogiasul
1	jogerősödik
1	jobbosodik
1	jobbodik
1	jobbikodik
1	jelképesedik
1	jegesül
1	jegenyésedik
1	játékosodik
1	jászul
1	jászkunosodik
1	járlatlevelesedik
1	jámborul
1	íztelenedik
1	izmosul
1	írül
1	irodalmiasodik
1	irányzatosodik
1	iparosul
1	indexesedik
1	indesedik
1	indásodik
1	imásodik
1	illetlenedik
1	igésedik
1	igeiesedik
1	-igazodik
1	időtlenül
1	időszerűsödik
1	idősbödik
1	ide+üdül
1	ide+tömörül
1	ide+szelídül
1	ide+simul
1	ide+okosodik
1	ide+kontárodik
1	ide+készülődik
1	ide+kergül
1	ide+kerekedik
1	ide+honosul
1	idegesül
1	ide+fiatalodik
1	ide+egyesül
1	ide+csoportosul
1	ide+butul
1	ide+bolondul
1	ide+aljasodik
1	hullafoltosodik
1	hozzá+vastagodik
1	hozzá+vadul
1	hozzá+törpül
1	hozzá+színesül
1	hozzá+szervesül
1	hozzá+súlyosodik
1	hozzá+süketül
1	hozzá+sötétül
1	hozzá+sivárodik
1	hozzá+ráncosodik
1	hozzá+módosul
1	hozzá+merevedik
1	hozzá+melegszik
1	hozzá+lustul
1	hozzá+kristályosodik
1	hozzá+korcsul
1	hozzá+kergül
1	hozzá+kérgesedik
1	hozzá+kényelmesedik
1	hozzá+jegecesedik
1	hozzá+idősödik
1	hozzá+hitványul
1	hozzá+gyorsul
1	hozzá+frissül
1	hozzá+finomodik
1	hozzá+ferdül
1	hozzá+feketedik
1	hozzá+fehéredik
1	hozzá+fásul
1	hozzá+érzéketlenedik
1	hozzá+emberségesedik
1	hozzá+egyszerűsödik
1	hozzá+egyesül
1	hozzá+édesül
1	hozzá+drágul
1	hozzá+csendesedik
1	hozzá+aljasodik
1	hozzá+alattomosodik
1	horgasodik-élesedik
1	hordósodik
1	hölgyismerősödik
1	hízik-kövéredik
1	hitványodik
1	hitelesül
1	hitelesedik
1	hirtelenedik
1	hevesedik
1	hengeresedik
1	helyt+bizonyul
1	helyettesül
1	helyettesedik
1	helyesül
1	hazugul
1	hazugodik
1	hazásodik
1	haza+pusztul
1	haza-készül
1	haza+kerekedik
1	haza+kékül
1	haza+honosodik
1	haza+fényesedik
1	haza+egyesül
1	hátra+nehezedik
1	hátra+merevül
1	hátra+konyul
1	hátra+bambul
1	hatálytalanodik
1	hasznosodik
1	hasasodik-púposodik
1	harsányul
1	hardul
1	haragosodik
1	hangsúlytalanodik
1	hamvasul
1	hamisul
1	hamisodik
1	hályogosodik
1	haloványodik
1	hajlékonyul
1	gyűlik-vastagodik
1	gyűlik-sokasodik
1	gyorsabbodik
1	gyökeresül
1	gyilkosodik
1	gyertyásodik
1	gyermekesedik
1	gyermekdedül
1	gyepesedik-bokrosodik
1	gyanúsodik
1	gusztustalanodik
1	gubancosodik
1	gőzölődik-habosodik
1	gótul
1	göröngyösödik
1	gömbösödik
1	golyvásodik
1	gőgösödik
1	gócosul
1	girhesedik
1	germánosodik
1	gerincesedik
1	gélesedik
1	gégésedik
1	gebésedik
1	gazellásodik
1	gazdásodik
1	gazdaságosodik
1	gazdagosodik
1	gatyásodik
1	ganéjosodik
1	füstösödik
1	furakszik-forrósodik
1	fullánkosodik
1	fukarodik
1	frigyesül
1	frappánsul
1	foszlott-foltosodik
1	formátumosodik
1	formátlanodik
1	fordul-gyorsul
1	fontosodik
1	főnökösödik
1	fölé+tarajosodik
1	fölé+szűkül
1	fölé+súlyosodik
1	fölé+sötétedik
1	fölé+simul
1	fölé+nehezedik
1	fölé+létesül
1	fölé+kondorodik
1	fölé+hatalmasodik
1	fokosodik
1	fokhagymásodik
1	fogyasztósodik
1	finnesedik
1	fiatalosodik
1	fiasodik
1	fészkesedik
1	fessül
1	férjesül
1	fenn+épül
1	fenn+egyesül
1	fenegyerekesedik
1	fémesedik
1	fel+zajosodik
1	fel+vörösödik
1	fel+virágosul
1	fel+világosodás-teremt
1	fel+vékonyul
1	fel+vadul
1	felül+simul
1	felül+bővül
1	felül+bizonyul
1	fel+üdvözül
1	fel+tömörül
1	fel+tömörödik
1	fel+testvériesül
1	fel+testesedik
1	féltékenyül
1	fel+taréjosodik
1	fel+szulfátosodik
1	fel+színesedik
1	fel+szemetesedik
1	fel+szaporul
1	fel+szálkásodik
1	fel+szálasodik
1	fel+szakállasodik
1	fel+sokasodik
1	fel+sekélyesedik
1	fel+sejtesedik
1	fel+sárgul
1	fel+részesül
1	fel+részesedik
1	félre+konyul
1	félre+ferdül
1	fel+rangosodik
1	fel+púposul
1	fel+púposodott-felválik
1	fel+párosul
1	fel+párosodik
1	fel+párásodik
1	fel+önállósodik
1	fel+nő-megemberesedik
1	fel+nemesül
1	fel+nehezedik
1	fel+mélyül
1	fel+mattul
1	fel+levelesedik
1	fel+legesedik
1	fel+legendásodik
1	fel+langyul
1	fel+kurdul
1	fel+kúposodik
1	fel+kristályosodik
1	fel+konyul
1	fel+kondorodik
1	fel+kásásodik
1	fel+karcosodik
1	fel+kamaszodik
1	fel+józanodik
1	fel+jegesedik
1	fel+igazodik
1	fel+idegesül
1	fel+húsosodik
1	fel+hordósodik
1	fel+homokosodik
1	fel+hízott-erősödik
1	fel+hígul-elveszik
1	fel+hegyesedik
1	fel+hatalmasul
1	fel+gyomosodik
1	fel+grízesedik
1	fel+finomul
1	feleslegesül
1	fel+érdesül
1	fel+épült-átad
1	fel+enyhül
1	fel+enged-felmelegszik
1	fel+emberesedik
1	fel+élesedik
1	fel+egészül
1	fel+edésedik
1	fel+éberedik
1	fel+csövesedik
1	fel+csóvásodik
1	fel+combosodik
1	fel+büdösödik
1	fel+boltosodik
1	fel+bolondul
1	fel+bodorul
1	fel+babásodik
1	fel+ágasodik
1	fekszik-porosodik
1	fejlődik-vastagodik
1	fejlődik-gazdagodik
1	fátylasodik
1	fásult-rezignál
1	-fásul
1	farkasodik
1	fapadosodik
1	falusiasodik
1	fajsúlytalanodik
1	fagyott-merevedik
1	fagyosodik
1	fagykárosodik
1	faggyúsodik
1	fádul
1	facérodik
1	ezresedik
1	evidensül
1	etruszkosodik
1	észre+tornyosul
1	észre+frissül
1	eszköztelenedik
1	esősödik
1	esetlenedik
1	érzelmesedik
1	érzéktelenül
1	értékesedik
1	erősösödik
1	erősödött-ír
1	ernyősödik
1	érdektelenedik
1	épül-omlik
1	épületkárosodik
1	épkézlábul
1	enyvesedik
1	ENSZ-esedik
1	engedékenyül
1	EMI-táborosodik
1	embertelenedik
1	el+zürjénesedik
1	el+zsombékosodik
1	el+zsiráfosodik
1	el+zselésedik
1	el+zsáneresedik
1	el+zordonul
1	el+zálogosodik
1	el+zajosodik
1	elvtársiasul
1	el+vitéziesül
1	el+virslisedik
1	el+világtalanodik
1	el+világosodik
1	el+viharosodik
1	el+vidámul
1	el+viaszosodik
1	el+vérzékenyül
1	el+vaskosodik
1	el+vásárosodik
1	el+vásáriasodik
1	el+vásárcsarnokosodik
1	el+varosodik
1	el+varasul
1	el+valótlanodik
1	el+vallásosodik
1	el+valentinosodik
1	el+vakul-süketül
1	el+vadonosodik
1	el+úttalanul
1	el+üresedik
1	el+üregesedik
1	el+üllősödik
1	el+újkoriasodik
1	el+udmurtosodik
1	el+tüskésedik
1	el+tűnt-belebetegszik
1	el+tudatosul
1	el+totyakosodik
1	el+törmelékesedik
1	el+torgyánosodik
1	el+tömörül
1	el+tömörödik
1	el+tömjénesedik
1	el+tömeghulladékosodik
1	el+tömegesül
1	el+tollasodik
1	el+tőkésedik
1	el+tökéletlenedik
1	el+tökéletesedik
1	el+tokásodik
1	el+testetlenedik
1	el+testesedik
1	el+tekintélyesedik
1	el+tehetetlenedik
1	el+technikásodik
1	el+tarackosodik
1	el+taplósodik
1	el+tanárosodik
1	el+tahósodik
1	el+szutykosodik
1	el+szúrósodik
1	el+sztyeppesedik
1	el+sztárosodik
1	el+szótalanodik
1	el+szörnyetegesedik
1	el+szőrmókosodik
1	el+szőkül
1	el+szögletesedik
1	el+sznobosodik
1	el+szlovénosodik
1	el+szlávul
1	el+szivárványosodik
1	el+szittyósodik
1	el+szinglisül
1	el+szinesedik
1	el+szilárdul
1	el+szibaritásodik
1	el+szeretetlenedik
1	el+szerelmesedik
1	el+szennyesül
1	el+személyesül
1	el+személyesedik
1	el+szellemiesül
1	el+szellemiesedik
1	el+szélesül
1	el+szektásodik
1	el+szegényesedik
1	el+szarkásodik
1	el+szárasodik
1	el+szánásodik
1	el+szalmásodik
1	el+szálkásodik
1	el+szabolcskásodik
1	el+svédül
1	el+svédesedik
1	el+süketedik
1	el+sötétedik-visszajön
1	el+slamposodik
1	el+skandinávosodik
1	el+simicskásodik
1	el+síkosodik
1	el+seprűsödik
1	el+semmisül
1	el+selejtesedik
1	el+sekélyül
1	el+sebesül
1	el+sarjasodik
1	el+salabakterosodik
1	el+sablonosodik
1	el+rózsátlanodik
1	el+romosodik-elmohosodik
1	el+rómaiasodik
1	el+robinsonosodik
1	el+ridegedik
1	el+revesedik
1	el+retkesedik
1	el+részegül
1	el+részegesedik
1	el+reménytelenedik
1	el+reklámosodik
1	el+ragacsosodik
1	el+pulykásodik
1	el+pudvásodik
1	el+pudingosodik
1	el+prolisodik
1	el+prolicselédesedik
1	el+proletárosodik
1	el+pozdorjásodik
1	el+pósásodik
1	el+pokrócosodik
1	el+pókhálósodik
1	el+pojácásodik
1	el+pohosodik
1	el+pogányosodik
1	el+plazásodik
1	el+pizzériásodik
1	el+-pirosodik
1	el+pimpósodik
1	el+picsásodik
1	el+pernyésedik
1	el+pergamenesedik
1	el+pénzesedik
1	el+pártosodik
1	el+párizsiasodik
1	el+párhuzamosul
1	el+parazsasodik
1	el+parafásodik
1	el+paprikátlanodik
1	el+paprikásodik
1	el+paparazzósodik
1	el+pacsmagosodik
1	elő+vörösödik
1	elő+valósul
1	elő+tornyosul
1	el+othellósodik
1	elő+szürkül
1	elő+szabadul
1	el+ősrovarosodik
1	el+ősemberesedik
1	elő+sárgul
1	el+örökzöldül
1	előre+lelkesedik
1	el+öregurasodik
1	el+öregedik-elfárad
1	el+öregasszonyosodik
1	előre+épül
1	előre+boltosul
1	el+ördögösödik
1	el+ordasodik
1	el+orbánosodik
1	elő+púposodik
1	elő+meztelenedik
1	elő+melegedik
1	elő+lombosodik
1	elő+kerekedik
1	elő+jogosul
1	elő+hernyósodik
1	elő+hasasodik
1	elő+halványul
1	elő+halkul
1	elő+görbül
1	elő+fényesedik
1	elő+fehéredik
1	elő+enyhül
1	elő+elevenedik
1	el+odvasodik
1	elő+boldogul
1	elő+bokrosodik
1	elő+bodorodik
1	elő+barnul
1	elő+adásodik
1	el+nyestesedik
1	el+nyersül
1	el+nyalánkodik
1	el+nyákosodik
1	el+nomádosodik
1	elnökösödik
1	el+nőietlenedik
1	el+névtelenedik
1	el+népesedik
1	el+nemzetietlenedik
1	el+nemesedik
1	el+nemadósodik
1	el+nehézkesedik
1	el+négyszögletesedik
1	el+narancsosodik
1	el+nádasodik
1	el+nácisodik
1	el+mutyisodik
1	el+muszlimosodik
1	el+mohosodik
1	el+mócsingosodik
1	el+mobilosodik
1	el+mikroszkóposodik
1	el+meztelenedik
1	el+mézgásodik
1	el+mésztelenedik
1	el+meszesül
1	el+messiásosodik
1	elmésedik
1	el+menedzseresedik
1	el+mémesül
1	el+melegszik
1	el+mazsolásodik
1	el+matrónásodik
1	el+mátkásodik
1	el+maszatosodik
1	el+másul
1	el+mangásodik
1	el+mamlaszodik
1	el+majmosodik
1	el+magyarodik
1	el+magazinosodik
1	el+magasodik
1	el+madonnásodik
1	el+madártalanodik
1	el+madárijesztősödik
1	el+macskátlanodik
1	el+machosodik
1	el+lovagtalanodik
1	el+lónyálasodik
1	el+lomosodik
1	el+lomhul
1	el+lisztesedik
1	el+linkesedik
1	el+liberálisodik
1	ellen+sokasodik
1	ellen+mordul
1	ellen+épül
1	ellen+egyesül
1	el+lemezesedik
1	el+léhul
1	el+légiesül
1	el+legendásodik
1	el+lánytalanodik
1	el+lankásodik
1	el+langyul
1	el+labancosodik
1	el+kutyásodik
1	el+kurvásodik
1	el+kunczésodik
1	el+különcösödik
1	el+kriptásodik
1	el+kreténedik
1	el+közönyösül
1	el+köznevesül
1	el+köznapiasodik
1	el+kovásodik
1	el+kótyagosodik
1	el+köszvényesedik
1	el+korpásodik
1	el+kőrisesedik
1	el+korhelyesedik
1	el+korhadt-szuvasodik
1	el+koreaiasodik
1	el+korallvázasodik
1	el+köpcösödik
1	el+konyhásodik
1	el+komolyul
1	el+komolyodik-komorodik
1	el+kommunistásodik
1	el+kommerszedik
1	el+komiszodik
1	el+komfortosodik
1	el+kokszosodik
1	el+kocsonyásodott-nagyanyásodik
1	el+kócosodik
1	el+kockásodik
1	el+koalátlanodik
1	el+klubosodik
1	el+klipesedik
1	el+klikkesedik
1	el+klasszul
1	el+kisgazdásodik
1	el+kísértetiesedik
1	el+kicsinyesedik
1	el+kevélyedik
1	el+készült-hagy
1	el+keskenyedik-laposodik
1	el+keresztényül
1	el+keresztényesedik
1	el+-kerekedik
1	el+kérdőjelesedik
1	el+kéményseprősödik
1	el+keletiesedik
1	el+kékesedik
1	el+kehesedik
1	el+kedvetlenül
1	el+karcsúsodik
1	el+kamaszosodik
1	el+kamaszodik
1	el+kalmárosodik
1	el+kákásodik
1	el+kafkaiasodik
1	el+kádárosul
1	el+kádárosodik
1	el+jogászosodik
1	el+jehusodik
1	el+jámborul
1	el+ízetlenedik
1	el+itatósodik
1	el+iszaposodik-hínárosodik
1	el+istentelenedik
1	el+iskolásodik
1	el+internetesedik
1	el+ingoványosodik
1	el+indiánosodik
1	el+indásodik
1	el+igényesedik
1	el+idomtalanodik
1	el+idegesedik
1	el+hűtlenedik
1	el+huncutosodik
1	el+hüllősödik
1	el+hulladékosodik
1	el+hordósodik
1	el+homokzsákosodik
1	el+hollósodik
1	el+hivatalnokosodik
1	el+hitványul
1	el+hitványodik
1	el+hippisedik
1	el+hevesedik
1	el+hektikásodik
1	el+hasasodik
1	el+hamisul
1	el+-halkul
1	el+halhatatlanul
1	el+gyöpösödik
1	el+gyomorfekélyesül
1	el+gyermekiesedik
1	el+gusztustalanodik
1	el+gumósodik
1	el+göröngyösödik
1	el+gonoszul
1	el+göndörödik
1	el+golyósodik
1	el+göcsörtösödik
1	el+gépesedik
1	el+gémberedik-macskásodik
1	el+gebinesedik
1	el+gazemberesedik
1	el+gaskósodik
1	el+ganésodik
1	el+gallyasodik
1	el+gagyisodik
1	el+füstösödik
1	el+fogatlanodik
1	el+fiúsodik
1	el+finnyásodik
1	el+finnugorosodik
1	el+finnesedik
1	el+filléresedik
1	el+filcesedik
1	el+fideszesedik
1	el+férfiúsodik
1	el+fényesedik
1	el+feketekávésodik
1	el+farkasosodik
1	el+fantomosodik
1	el+falsul
1	el+fakul-elhalványodik
1	el+facérul
1	elé+tornyosodik
1	életesedik
1	elé+tarul
1	el+északiasodik
1	élesedett-szélesedik
1	el+érzelmesedik
1	el+erőtlenül
1	el+erdősödik
1	el+érdemesül
1	el+érdektelenedik
1	el+enyvesedik
1	el+emberiesedik
1	el+elvesedik
1	el+elevenedik
1	el+élettelenedik
1	el+életálmosodik
1	el+elefántosodik
1	el+éjszakásodik
1	elé+holdasodik
1	el+egyöntetűsödik
1	elegyedik-avatkozik
1	el+egészül
1	elegánsodik
1	elé+erősödik
1	elé+elevenedik
1	el+dzsungelesedik
1	el+dühösödik
1	el+dologiasul
1	el+dohosodik
1	el+dogmásodik
1	el+disznósodik
1	el+diszkósodik
1	el+deresedik
1	el+dánosodik
1	el+cyberpunkosodik
1	el+cukisodik
1	el+csonkul
1	el+csomósodik
1	el+csigásodik
1	el+csermelyesedik
1	el+cseresedik
1	el+csehákosodik
1	el+családiasodik
1	el+coca-colásodik
1	el+cirkuszosodik
1	el+cinkosodik
1	el+cigányodik
1	el+celebesedik
1	el+cafrangosodik
1	el+bürokráciásodik
1	el+büdösödik
1	el+bronzosodik
1	el+britesedik
1	el+brazilosodik
1	el+bravósodik
1	el+brácsásodik
1	el+borzasodik
1	el+borostásodik
1	el+bonbonosodik
1	el+bolyhosodik
1	el+bolgárosodik
1	el+boldogtalanodik
1	el+bohósodik
1	el+bogosodik
1	el+-bizonytalanodik
1	el+birkásodik
1	el+bikásodik
1	el+biedermeieresedik
1	el+bíborodik
1	el+betyárosodik
1	el+bazárosodik
1	el+barlangosodik
1	el+bárányfelhősödik
1	el+banyásodik
1	el+bánatosodik
1	el+banánosodik
1	el+balzacosodik
1	el+balul
1	el+balosodik
1	el+bálnásodik
1	el+bácsisodik
1	el+bábosodik
1	el+babitsosodik
1	el+azonosul
1	el+ausztráliásodik
1	el+atkásodik
1	el+aszik-őszül
1	elásodik
1	el+árvásodik
1	el+árkosodik
1	el+aprósodik
1	el+anyázósodik
1	el+anyagiasul
1	el+alzheimeresedik
1	el+alpáriasodik
1	el+álmosul
1	el+almosodik
1	el+állatosodik
1	el+államosul
1	el+aljasul-állatiasodik
1	el+alaktalanodik
1	el+alacsonyul
1	el+alacsonyodik
1	el+agyagosodik
1	el+aggastyánosodik
1	eladósul
1	egyszemélyesedik
1	egysíkúsodik
1	egynyelvűsödik
1	egyet+búsul
1	egyesül-társul
1	egyéniesedik
1	egybe+sűrűsödik
1	egybe+pirosodik
1	egybe+módosul
1	egybe+igazodik
1	egybe+fehéredik
1	egybe+csoportosul
1	egészségkárosodik
1	egészségesül
1	egérpajtásodik
1	egérmozisodik
1	édesedik-kegyesedik
1	ebesül
1	éberül
1	dzsuvásodik
1	drogosodik
1	drágábbodik
1	dosztojevszkijesedik
1	döntőbírásodik
1	dologiasodik
1	dollárosodik
1	dolgoz-készül
1	dögösödik
1	dogmásodik
1	döcögősödik
1	derűsödik
1	dérpárásodik
1	délcegül
1	dekadensedik
1	decensül
1	csuklósodik
1	csúfondárosul
1	csúcsosul
1	csövesedik
1	csontvázasodik
1	csontosodik-lágyul
1	csonthéjasodik
1	csokisodik
1	csökevényesül
1	csirizesedik
1	csírásodik
1	csimbókosodik
1	csikósodik
1	csikaszodik
1	csévésedik
1	csenevészedik
1	csehszlovákul
1	csecsesedik
1	csángósodik
1	csámpásodik
1	családnevesül
1	csajkásodik
1	chartásodik
1	cerusszitosodik
1	cellásodik
1	céhesedik
1	cefrésedik
1	cápásodik
1	büdösödik-porosodik
1	budaiasodik
1	buckásodik
1	bubisodik
1	bruttósodik
1	bozontosodik
1	bővült-változik
1	bővül-szépül
1	borúsodik
1	bongyorodik
1	boldogtalanodik
1	bokrosul
1	bogosodik
1	bodrosodik
1	bóbitásodik
1	BMW-sedik
1	blikkesedik
1	bizalmasodik
1	bitangul
1	be+zűrösödik
1	be+zselésedik
1	be+zordul
1	be+zöldült-kékül
1	be+vonalasodik
1	be+véletlenedik
1	be+vehemensedik
1	be+varosodik
1	be+vakul
1	be+vadosodik
1	be+üvegesedik
1	be+unalmasodik
1	be+túrósodik
1	be+turbósodik
1	be+tunyul
1	be+tükrösödik
1	be+terjesedik
1	be+terebélyesedik
1	be+tejesedik
1	betegesedik
1	be+szurkosodik
1	be+szőkül
1	be+színesedik
1	be+szinesedik
1	be+szelídül
1	be+szakállasodik
1	be+szaftosodik
1	be+súlyosodik
1	be+sportosodik
1	be+slágeresedik
1	be+síkul
1	be+sebesedik
1	be+sávosodik
1	be+sarkosodik
1	be+sántul
1	be+rühesedik
1	be+rockosodik
1	be+részesedik
1	be+rákosodik
1	be+puttonyosodik
1	be+posványosodik
1	be+pontosodik
1	be+pontalgásodik
1	be+polgárosodik
1	be+pelyhesedik
1	be+párnásodik
1	be+parásodik
1	be+otthonosodik
1	be+öregedik
1	be+okosodik
1	be+ödémásodik
1	be+öblösödik
1	be+nyákosodik
1	bent+erősödik
1	be+nősödik
1	benn+pusztul
1	be+népszerűsödik
1	be+némul
1	be+nemezesedik
1	be+nehezedik
1	be+morcosodik
1	be+módosul
1	be+mocsarasodik
1	be+merevül
1	be+merészül
1	be+mattosodik
1	be+magyarosodik
1	be+magasodik
1	be+lobosodik
1	bele+vizenyősödik
1	be+levelesedik
1	bele+vékonyodik
1	bele+véglegesedik
1	bele+tunyul
1	bele+téeszesül
1	bele+szőkül
1	bele+szokik-belecsontosodik
1	bele+szivacsosodik
1	bele+színesedik
1	bele+szertelenedik
1	bele+szenesedik
1	bele+súlyosul
1	bele+sötétül
1	bele+silányodik
1	bele+semmisül
1	belesedik
1	be+lérozsdásodik
1	bele+restül
1	bele+púposul
1	bele+proletárosodik
1	bele+pocakosodik
1	bele+pimpósodik
1	bele+óriásodik
1	bele+öregszik
1	bele+nemesedik
1	bele+nedvesedik
1	bele+merevedik-szobrosodik
1	bele+másul
1	bele+marhul
1	bele+lustult-öregedik
1	bele+lelkesedik-merül
1	bele+legényesedik
1	bele+közömbösödik
1	be+lékövesedik
1	bele+kövéredik
1	bele+koszosodik
1	bele+korosodik
1	bele+kormosodik
1	bele+könnyesül
1	bele+komorodik
1	bele+komolyodik
1	bele+keskenyedik
1	bele+kerekedik
1	bele+kénytelenedik
1	bele+kékül-zöldül
1	bele+kékült-zöldül
1	bele+jellegtelenedik
1	bele+jegecesedik
1	bele+izmosodik
1	bele+idősödik
1	bele+idegesedik
1	bele+honosodik
1	bele+hevesedik
1	bele+halványul
1	bele+halkul
1	bele+hájasodik
1	bele+habókosodik
1	bele+gyepesedik
1	bele+gyémántosodik
1	bele+grízesedik
1	bele+görcsösödik
1	bele+gonoszodik
1	bele+gatyásodik
1	bele+férfiasodik
1	bele+ferdül
1	bele+fényesedik
1	bele+fehérül
1	bele+evesedik
1	bele+emberesedik
1	bele+elegyül
1	bele+egyesül
1	bele+egyenesedik
1	bele+csöndesedik
1	bele+csomósodik
1	bele+csinosodik
1	bele+csendesedik
1	bele+csámpásodik
1	bele+betegül
1	bele+barnul
1	bele+avasodik
1	bele+árvul
1	be+lázasul
1	be+langyul
1	be+kuckósodik
1	be+kövéredik
1	be+komorul
1	be+komorodik
1	be+kicsisedik
1	be+kérgesedik
1	be+kérdőjelesedik
1	be+kényelmesedik
1	békejobbosodik
1	békásodik
1	be+karcsúsodik
1	be+józanodik
1	be+izmosodik
1	be+istenesedik
1	be+ismerősödik
1	be+irkásodik
1	be+irásodik
1	be+illatosodik
1	be+igazul
1	be+igazodódik
1	be+hólyagosodik
1	be+hígul
1	be+hegesedik
1	be+harmatosodik
1	be+halloweenesedik
1	be+hálásodik
1	be+gyulaisodik
1	begyesedik
1	be+gyermetegül
1	be+gyávul
1	be+gőzösödik
1	be+görcsösödik
1	be+gettósodik
1	be+gerezdesedik
1	be+füvesedik
1	be+férjesül
1	be+felhősül
1	be+fátyolosodik
1	be+épül-kiépül
1	be+életesedik
1	be+ecetesedik
1	be+döcögősödik
1	be+demagógul
1	be+cukrosodik
1	be+csoportosul
1	be+csontosul
1	be+csökevényesedik
1	be+csinosul
1	be+bütykösödik
1	be+bundásodik
1	be+bugosodik
1	be+bővül
1	be+bőszül
1	be+bolhásodik
1	be+bandzsul
1	be+baktériumosodik
1	be+bádogosodik
1	be+avasodik
1	be+aszúsodik
1	be+árnyékosodik
1	be+árnyasodik
1	be+allergiásodik
1	bauxitosodik
1	bátorul
1	bátortalanodik
1	bársonyosodik
1	barlangosodik
1	barázdásodik
1	bandásodik
1	banánosodik
1	baloldaliasodik
1	bálnásodik
1	bájosodik
1	babosodik
1	avarodik
1	át+zöldül-pirosul
1	át+vizenyősödik
1	át+világosul
1	át+vidámodik
1	át+végletesedik
1	át+újul
1	át+üdvözül
1	át+tüzesül
1	át+torzul
1	át+testesedik
1	át+szürkül
1	át+szovjetesedik
1	át+szépül
1	át+személyesül
1	át+személyesedik
1	át+szellemiesül
1	át+szelídül
1	át+szagosodik
1	át+semmisül
1	át+palásodik
1	át+örökül
1	át+öregedik
1	át+nyirkosul
1	át+nyálkásodik
1	át+mordul
1	át+módosul
1	át+melegül
1	át+melegszik
1	át+malacosodik
1	át+lelkesedik
1	át+légiesedik
1	át+kutyul
1	át+közül
1	át+kövesedik
1	át+kovásodik
1	át+korcsosul
1	át+készülődik
1	át+keményedik
1	át+jegesedik
1	át+ízesedik
1	át+igazodik
1	át+hidegül
1	át+harmatosodik
1	át+göndörödik
1	át+fűszeresedik
1	át+finomul
1	át+feketedik
1	át+fakul
1	át+emberiesedik
1	át+elegyül
1	át+egészül
1	át+édesedik
1	át+delejesedik
1	át+csontosodik
1	át+búsul
1	át+bambul
1	át+alnedvesedik
1	át+állatul
1	át+állandósul
1	át+alhasasodik
1	át+alakult-megfiatalodik
1	át+alakult-gazdagodik
1	át+alakul-megújul
1	asszonypajtásodik
1	ártatlanodik
1	árnyalatosul
1	árnedvesedik
1	arctalanodik
1	arányosul
1	aragonitosodik
1	apályosodik
1	anyázósodik
1	anyanyelvűsödik
1	anyagtalanodik
1	antikul
1	antikötényesedik
1	angolul-franciául-oroszul
1	angolosodik
1	analógul
1	amorful
1	amerikásodik
1	amerikaiasul
1	alul+szabadul
1	alul+nősül
1	alul+népesedik
1	által+világosodik
1	által+ügyesedik
1	által+üdül
1	által+sűrűsödik
1	által+módosul
1	által+mentesül
1	által+mélyül
1	által+gyorsul
1	által+fiatalodik
1	által+enyhül
1	által+egyesül
1	által+egészül
1	álszentül
1	alpesiesedik
1	állatiasodik
1	állagosodik
1	alisodik
1	alibisedik
1	alá+zatosodik
1	alá+szentül
1	alapbéresedik
1	alá+párosul
1	alá+nehezedik
1	alá+mordul
1	alá+létesül
1	alakul-mélyül
1	alakul-épül
1	alá+konyul
1	alá+könnyesedik
1	alá+kerekedik
1	alá+kábul
1	alá+gyengül
1	alá+fiatalodik
1	aktívodik
1	agyon+szakosodik
1	agyon+puhul
1	agyon+lágyul
1	agyon+gazdagodik
1	agyon+fakul
1	ágyasodik
1	ágasodik
1	abba+pusztul
